ISO-10303-21;
HEADER;
/* Generated by software containing ST-Developer
 * from STEP Tools, Inc. (www.steptools.com) 
 */

FILE_DESCRIPTION(
/* description */ (''),
/* implementation_level */ '2;1');

FILE_NAME(
/* name */ 'PicoMount.step',
/* time_stamp */ '2026-06-10T10:54:48+09:00',
/* author */ (''),
/* organization */ (''),
/* preprocessor_version */ 'ST-DEVELOPER v20.1',
/* originating_system */ 'Autodesk Translation Framework v15.8.0.0',
/* authorisation */ '');

FILE_SCHEMA (('AUTOMOTIVE_DESIGN { 1 0 10303 214 3 1 1 }'));
ENDSEC;

DATA;
#10=MECHANICAL_DESIGN_GEOMETRIC_PRESENTATION_REPRESENTATION('',(#13),#3849);
#11=SHAPE_REPRESENTATION_RELATIONSHIP('SRR','None',#3856,#12);
#12=ADVANCED_BREP_SHAPE_REPRESENTATION('',(#14),#3848);
#13=STYLED_ITEM('',(#3866),#14);
#14=MANIFOLD_SOLID_BREP('Cuerpo1',#2295);
#15=TOROIDAL_SURFACE('',#2381,1.2,0.2);
#16=TOROIDAL_SURFACE('',#2389,0.800000000000001,0.2);
#17=TOROIDAL_SURFACE('',#2395,0.800000000000001,0.2);
#18=TOROIDAL_SURFACE('',#2404,1.2,0.2);
#19=TOROIDAL_SURFACE('',#2410,0.800000000000001,0.2);
#20=TOROIDAL_SURFACE('',#2418,1.2,0.2);
#21=TOROIDAL_SURFACE('',#2424,0.800000000000001,0.2);
#22=TOROIDAL_SURFACE('',#2433,1.2,0.2);
#23=FACE_BOUND('',#243,.T.);
#24=FACE_BOUND('',#244,.T.);
#25=FACE_BOUND('',#245,.T.);
#26=FACE_BOUND('',#246,.T.);
#27=FACE_BOUND('',#247,.T.);
#28=FACE_BOUND('',#248,.T.);
#29=FACE_BOUND('',#249,.T.);
#30=FACE_BOUND('',#250,.T.);
#31=FACE_BOUND('',#251,.T.);
#32=FACE_BOUND('',#252,.T.);
#33=FACE_BOUND('',#253,.T.);
#34=FACE_BOUND('',#254,.T.);
#35=FACE_BOUND('',#256,.T.);
#36=FACE_BOUND('',#257,.T.);
#37=FACE_BOUND('',#258,.T.);
#38=FACE_BOUND('',#259,.T.);
#39=FACE_BOUND('',#260,.T.);
#40=FACE_BOUND('',#261,.T.);
#41=FACE_BOUND('',#262,.T.);
#42=FACE_BOUND('',#263,.T.);
#43=FACE_BOUND('',#264,.T.);
#44=FACE_BOUND('',#265,.T.);
#45=FACE_BOUND('',#266,.T.);
#46=FACE_BOUND('',#267,.T.);
#47=FACE_BOUND('',#270,.T.);
#48=FACE_BOUND('',#276,.T.);
#49=FACE_BOUND('',#282,.T.);
#50=FACE_BOUND('',#288,.T.);
#51=PLANE('',#2321);
#52=PLANE('',#2322);
#53=PLANE('',#2347);
#54=PLANE('',#2376);
#55=PLANE('',#2377);
#56=PLANE('',#2384);
#57=PLANE('',#2391);
#58=PLANE('',#2403);
#59=PLANE('',#2406);
#60=PLANE('',#2417);
#61=PLANE('',#2420);
#62=PLANE('',#2432);
#63=PLANE('',#2435);
#64=PLANE('',#2437);
#65=PLANE('',#2438);
#66=PLANE('',#2439);
#67=PLANE('',#2441);
#68=PLANE('',#2442);
#69=PLANE('',#2444);
#70=PLANE('',#2445);
#71=PLANE('',#2447);
#72=PLANE('',#2448);
#73=PLANE('',#2449);
#74=PLANE('',#2451);
#75=PLANE('',#2453);
#76=PLANE('',#2455);
#77=PLANE('',#2457);
#78=PLANE('',#2458);
#79=PLANE('',#2459);
#80=PLANE('',#2460);
#81=PLANE('',#2462);
#82=PLANE('',#2463);
#83=PLANE('',#2465);
#84=PLANE('',#2467);
#85=PLANE('',#2469);
#86=PLANE('',#2471);
#87=PLANE('',#2472);
#88=PLANE('',#2473);
#89=PLANE('',#2475);
#90=PLANE('',#2476);
#91=PLANE('',#2477);
#92=PLANE('',#2479);
#93=PLANE('',#2480);
#94=PLANE('',#2482);
#95=PLANE('',#2484);
#96=PLANE('',#2485);
#97=PLANE('',#2487);
#98=PLANE('',#2489);
#99=PLANE('',#2490);
#100=PLANE('',#2491);
#101=PLANE('',#2493);
#102=PLANE('',#2494);
#103=PLANE('',#2495);
#104=PLANE('',#2497);
#105=PLANE('',#2499);
#106=PLANE('',#2501);
#107=PLANE('',#2502);
#108=PLANE('',#2503);
#109=PLANE('',#2505);
#110=PLANE('',#2506);
#111=PLANE('',#2507);
#112=PLANE('',#2508);
#113=PLANE('',#2510);
#114=PLANE('',#2512);
#115=PLANE('',#2513);
#116=PLANE('',#2515);
#117=PLANE('',#2517);
#118=PLANE('',#2518);
#119=PLANE('',#2519);
#120=PLANE('',#2521);
#121=FACE_OUTER_BOUND('',#237,.T.);
#122=FACE_OUTER_BOUND('',#238,.T.);
#123=FACE_OUTER_BOUND('',#239,.T.);
#124=FACE_OUTER_BOUND('',#240,.T.);
#125=FACE_OUTER_BOUND('',#241,.T.);
#126=FACE_OUTER_BOUND('',#242,.T.);
#127=FACE_OUTER_BOUND('',#255,.T.);
#128=FACE_OUTER_BOUND('',#268,.T.);
#129=FACE_OUTER_BOUND('',#269,.T.);
#130=FACE_OUTER_BOUND('',#271,.T.);
#131=FACE_OUTER_BOUND('',#272,.T.);
#132=FACE_OUTER_BOUND('',#273,.T.);
#133=FACE_OUTER_BOUND('',#274,.T.);
#134=FACE_OUTER_BOUND('',#275,.T.);
#135=FACE_OUTER_BOUND('',#277,.T.);
#136=FACE_OUTER_BOUND('',#278,.T.);
#137=FACE_OUTER_BOUND('',#279,.T.);
#138=FACE_OUTER_BOUND('',#280,.T.);
#139=FACE_OUTER_BOUND('',#281,.T.);
#140=FACE_OUTER_BOUND('',#283,.T.);
#141=FACE_OUTER_BOUND('',#284,.T.);
#142=FACE_OUTER_BOUND('',#285,.T.);
#143=FACE_OUTER_BOUND('',#286,.T.);
#144=FACE_OUTER_BOUND('',#287,.T.);
#145=FACE_OUTER_BOUND('',#289,.T.);
#146=FACE_OUTER_BOUND('',#290,.T.);
#147=FACE_OUTER_BOUND('',#291,.T.);
#148=FACE_OUTER_BOUND('',#292,.T.);
#149=FACE_OUTER_BOUND('',#293,.T.);
#150=FACE_OUTER_BOUND('',#294,.T.);
#151=FACE_OUTER_BOUND('',#295,.T.);
#152=FACE_OUTER_BOUND('',#296,.T.);
#153=FACE_OUTER_BOUND('',#297,.T.);
#154=FACE_OUTER_BOUND('',#298,.T.);
#155=FACE_OUTER_BOUND('',#299,.T.);
#156=FACE_OUTER_BOUND('',#300,.T.);
#157=FACE_OUTER_BOUND('',#301,.T.);
#158=FACE_OUTER_BOUND('',#302,.T.);
#159=FACE_OUTER_BOUND('',#303,.T.);
#160=FACE_OUTER_BOUND('',#304,.T.);
#161=FACE_OUTER_BOUND('',#305,.T.);
#162=FACE_OUTER_BOUND('',#306,.T.);
#163=FACE_OUTER_BOUND('',#307,.T.);
#164=FACE_OUTER_BOUND('',#308,.T.);
#165=FACE_OUTER_BOUND('',#309,.T.);
#166=FACE_OUTER_BOUND('',#310,.T.);
#167=FACE_OUTER_BOUND('',#311,.T.);
#168=FACE_OUTER_BOUND('',#312,.T.);
#169=FACE_OUTER_BOUND('',#313,.T.);
#170=FACE_OUTER_BOUND('',#314,.T.);
#171=FACE_OUTER_BOUND('',#315,.T.);
#172=FACE_OUTER_BOUND('',#316,.T.);
#173=FACE_OUTER_BOUND('',#317,.T.);
#174=FACE_OUTER_BOUND('',#318,.T.);
#175=FACE_OUTER_BOUND('',#319,.T.);
#176=FACE_OUTER_BOUND('',#320,.T.);
#177=FACE_OUTER_BOUND('',#321,.T.);
#178=FACE_OUTER_BOUND('',#322,.T.);
#179=FACE_OUTER_BOUND('',#323,.T.);
#180=FACE_OUTER_BOUND('',#324,.T.);
#181=FACE_OUTER_BOUND('',#325,.T.);
#182=FACE_OUTER_BOUND('',#326,.T.);
#183=FACE_OUTER_BOUND('',#327,.T.);
#184=FACE_OUTER_BOUND('',#328,.T.);
#185=FACE_OUTER_BOUND('',#329,.T.);
#186=FACE_OUTER_BOUND('',#330,.T.);
#187=FACE_OUTER_BOUND('',#331,.T.);
#188=FACE_OUTER_BOUND('',#332,.T.);
#189=FACE_OUTER_BOUND('',#333,.T.);
#190=FACE_OUTER_BOUND('',#334,.T.);
#191=FACE_OUTER_BOUND('',#335,.T.);
#192=FACE_OUTER_BOUND('',#336,.T.);
#193=FACE_OUTER_BOUND('',#337,.T.);
#194=FACE_OUTER_BOUND('',#338,.T.);
#195=FACE_OUTER_BOUND('',#339,.T.);
#196=FACE_OUTER_BOUND('',#340,.T.);
#197=FACE_OUTER_BOUND('',#341,.T.);
#198=FACE_OUTER_BOUND('',#342,.T.);
#199=FACE_OUTER_BOUND('',#343,.T.);
#200=FACE_OUTER_BOUND('',#344,.T.);
#201=FACE_OUTER_BOUND('',#345,.T.);
#202=FACE_OUTER_BOUND('',#346,.T.);
#203=FACE_OUTER_BOUND('',#347,.T.);
#204=FACE_OUTER_BOUND('',#348,.T.);
#205=FACE_OUTER_BOUND('',#349,.T.);
#206=FACE_OUTER_BOUND('',#350,.T.);
#207=FACE_OUTER_BOUND('',#351,.T.);
#208=FACE_OUTER_BOUND('',#352,.T.);
#209=FACE_OUTER_BOUND('',#353,.T.);
#210=FACE_OUTER_BOUND('',#354,.T.);
#211=FACE_OUTER_BOUND('',#355,.T.);
#212=FACE_OUTER_BOUND('',#356,.T.);
#213=FACE_OUTER_BOUND('',#357,.T.);
#214=FACE_OUTER_BOUND('',#358,.T.);
#215=FACE_OUTER_BOUND('',#359,.T.);
#216=FACE_OUTER_BOUND('',#360,.T.);
#217=FACE_OUTER_BOUND('',#361,.T.);
#218=FACE_OUTER_BOUND('',#362,.T.);
#219=FACE_OUTER_BOUND('',#363,.T.);
#220=FACE_OUTER_BOUND('',#364,.T.);
#221=FACE_OUTER_BOUND('',#365,.T.);
#222=FACE_OUTER_BOUND('',#366,.T.);
#223=FACE_OUTER_BOUND('',#367,.T.);
#224=FACE_OUTER_BOUND('',#368,.T.);
#225=FACE_OUTER_BOUND('',#369,.T.);
#226=FACE_OUTER_BOUND('',#370,.T.);
#227=FACE_OUTER_BOUND('',#371,.T.);
#228=FACE_OUTER_BOUND('',#372,.T.);
#229=FACE_OUTER_BOUND('',#373,.T.);
#230=FACE_OUTER_BOUND('',#374,.T.);
#231=FACE_OUTER_BOUND('',#375,.T.);
#232=FACE_OUTER_BOUND('',#376,.T.);
#233=FACE_OUTER_BOUND('',#377,.T.);
#234=FACE_OUTER_BOUND('',#378,.T.);
#235=FACE_OUTER_BOUND('',#379,.T.);
#236=FACE_OUTER_BOUND('',#380,.T.);
#237=EDGE_LOOP('',(#1485,#1486,#1487,#1488));
#238=EDGE_LOOP('',(#1489,#1490,#1491,#1492));
#239=EDGE_LOOP('',(#1493,#1494,#1495,#1496));
#240=EDGE_LOOP('',(#1497,#1498,#1499,#1500));
#241=EDGE_LOOP('',(#1501,#1502,#1503,#1504));
#242=EDGE_LOOP('',(#1505,#1506,#1507,#1508,#1509,#1510,#1511,#1512,#1513,
#1514,#1515,#1516));
#243=EDGE_LOOP('',(#1517,#1518,#1519,#1520,#1521));
#244=EDGE_LOOP('',(#1522,#1523,#1524,#1525,#1526));
#245=EDGE_LOOP('',(#1527,#1528,#1529,#1530,#1531,#1532));
#246=EDGE_LOOP('',(#1533,#1534,#1535,#1536,#1537,#1538));
#247=EDGE_LOOP('',(#1539,#1540,#1541,#1542,#1543));
#248=EDGE_LOOP('',(#1544,#1545,#1546,#1547,#1548));
#249=EDGE_LOOP('',(#1549,#1550,#1551,#1552,#1553,#1554));
#250=EDGE_LOOP('',(#1555,#1556,#1557,#1558,#1559,#1560));
#251=EDGE_LOOP('',(#1561,#1562,#1563,#1564,#1565));
#252=EDGE_LOOP('',(#1566,#1567,#1568,#1569,#1570,#1571));
#253=EDGE_LOOP('',(#1572,#1573,#1574,#1575,#1576));
#254=EDGE_LOOP('',(#1577,#1578,#1579,#1580,#1581,#1582));
#255=EDGE_LOOP('',(#1583,#1584,#1585,#1586,#1587,#1588,#1589,#1590,#1591,
#1592,#1593,#1594,#1595,#1596,#1597,#1598,#1599,#1600,#1601,#1602,#1603,
#1604,#1605,#1606));
#256=EDGE_LOOP('',(#1607,#1608,#1609,#1610,#1611));
#257=EDGE_LOOP('',(#1612,#1613,#1614,#1615,#1616,#1617));
#258=EDGE_LOOP('',(#1618,#1619,#1620,#1621,#1622,#1623));
#259=EDGE_LOOP('',(#1624,#1625,#1626,#1627,#1628));
#260=EDGE_LOOP('',(#1629,#1630,#1631,#1632,#1633));
#261=EDGE_LOOP('',(#1634,#1635,#1636,#1637,#1638,#1639));
#262=EDGE_LOOP('',(#1640,#1641,#1642,#1643,#1644,#1645));
#263=EDGE_LOOP('',(#1646,#1647,#1648,#1649,#1650));
#264=EDGE_LOOP('',(#1651,#1652,#1653,#1654,#1655,#1656));
#265=EDGE_LOOP('',(#1657,#1658,#1659,#1660,#1661));
#266=EDGE_LOOP('',(#1662,#1663,#1664,#1665,#1666,#1667));
#267=EDGE_LOOP('',(#1668,#1669,#1670,#1671,#1672));
#268=EDGE_LOOP('',(#1673,#1674,#1675,#1676,#1677,#1678,#1679,#1680,#1681,
#1682));
#269=EDGE_LOOP('',(#1683,#1684,#1685,#1686,#1687,#1688,#1689,#1690));
#270=EDGE_LOOP('',(#1691));
#271=EDGE_LOOP('',(#1692,#1693,#1694,#1695));
#272=EDGE_LOOP('',(#1696));
#273=EDGE_LOOP('',(#1697,#1698,#1699,#1700,#1701));
#274=EDGE_LOOP('',(#1702,#1703,#1704,#1705,#1706));
#275=EDGE_LOOP('',(#1707,#1708,#1709,#1710,#1711,#1712));
#276=EDGE_LOOP('',(#1713));
#277=EDGE_LOOP('',(#1714,#1715,#1716,#1717,#1718));
#278=EDGE_LOOP('',(#1719,#1720,#1721,#1722,#1723,#1724));
#279=EDGE_LOOP('',(#1725));
#280=EDGE_LOOP('',(#1726,#1727,#1728,#1729,#1730));
#281=EDGE_LOOP('',(#1731,#1732,#1733,#1734,#1735,#1736,#1737,#1738));
#282=EDGE_LOOP('',(#1739));
#283=EDGE_LOOP('',(#1740,#1741,#1742,#1743,#1744));
#284=EDGE_LOOP('',(#1745,#1746,#1747,#1748,#1749));
#285=EDGE_LOOP('',(#1750));
#286=EDGE_LOOP('',(#1751,#1752,#1753,#1754));
#287=EDGE_LOOP('',(#1755,#1756,#1757,#1758,#1759,#1760));
#288=EDGE_LOOP('',(#1761));
#289=EDGE_LOOP('',(#1762,#1763,#1764,#1765,#1766));
#290=EDGE_LOOP('',(#1767,#1768,#1769,#1770,#1771,#1772));
#291=EDGE_LOOP('',(#1773));
#292=EDGE_LOOP('',(#1774,#1775,#1776,#1777,#1778));
#293=EDGE_LOOP('',(#1779,#1780,#1781,#1782));
#294=EDGE_LOOP('',(#1783,#1784,#1785,#1786));
#295=EDGE_LOOP('',(#1787,#1788,#1789,#1790));
#296=EDGE_LOOP('',(#1791,#1792,#1793,#1794,#1795,#1796,#1797,#1798));
#297=EDGE_LOOP('',(#1799,#1800,#1801,#1802));
#298=EDGE_LOOP('',(#1803,#1804,#1805,#1806));
#299=EDGE_LOOP('',(#1807,#1808,#1809,#1810));
#300=EDGE_LOOP('',(#1811,#1812,#1813,#1814));
#301=EDGE_LOOP('',(#1815,#1816,#1817,#1818));
#302=EDGE_LOOP('',(#1819,#1820,#1821,#1822));
#303=EDGE_LOOP('',(#1823,#1824,#1825,#1826));
#304=EDGE_LOOP('',(#1827,#1828,#1829,#1830));
#305=EDGE_LOOP('',(#1831,#1832,#1833,#1834));
#306=EDGE_LOOP('',(#1835,#1836,#1837,#1838,#1839,#1840,#1841,#1842,#1843,
#1844));
#307=EDGE_LOOP('',(#1845,#1846,#1847,#1848));
#308=EDGE_LOOP('',(#1849,#1850,#1851,#1852));
#309=EDGE_LOOP('',(#1853,#1854,#1855,#1856));
#310=EDGE_LOOP('',(#1857,#1858,#1859,#1860));
#311=EDGE_LOOP('',(#1861,#1862,#1863,#1864));
#312=EDGE_LOOP('',(#1865,#1866,#1867,#1868));
#313=EDGE_LOOP('',(#1869,#1870,#1871,#1872));
#314=EDGE_LOOP('',(#1873,#1874,#1875,#1876));
#315=EDGE_LOOP('',(#1877,#1878,#1879,#1880));
#316=EDGE_LOOP('',(#1881,#1882,#1883,#1884));
#317=EDGE_LOOP('',(#1885,#1886,#1887,#1888));
#318=EDGE_LOOP('',(#1889,#1890,#1891,#1892));
#319=EDGE_LOOP('',(#1893,#1894,#1895,#1896));
#320=EDGE_LOOP('',(#1897,#1898,#1899,#1900));
#321=EDGE_LOOP('',(#1901,#1902,#1903,#1904));
#322=EDGE_LOOP('',(#1905,#1906,#1907,#1908));
#323=EDGE_LOOP('',(#1909,#1910,#1911,#1912));
#324=EDGE_LOOP('',(#1913,#1914,#1915,#1916));
#325=EDGE_LOOP('',(#1917,#1918,#1919,#1920));
#326=EDGE_LOOP('',(#1921,#1922,#1923,#1924));
#327=EDGE_LOOP('',(#1925,#1926,#1927,#1928));
#328=EDGE_LOOP('',(#1929,#1930,#1931,#1932));
#329=EDGE_LOOP('',(#1933,#1934,#1935,#1936));
#330=EDGE_LOOP('',(#1937,#1938,#1939,#1940));
#331=EDGE_LOOP('',(#1941,#1942,#1943,#1944));
#332=EDGE_LOOP('',(#1945,#1946,#1947,#1948));
#333=EDGE_LOOP('',(#1949,#1950,#1951,#1952));
#334=EDGE_LOOP('',(#1953,#1954,#1955,#1956));
#335=EDGE_LOOP('',(#1957,#1958,#1959,#1960));
#336=EDGE_LOOP('',(#1961,#1962,#1963,#1964));
#337=EDGE_LOOP('',(#1965,#1966,#1967,#1968));
#338=EDGE_LOOP('',(#1969,#1970,#1971,#1972));
#339=EDGE_LOOP('',(#1973,#1974,#1975,#1976));
#340=EDGE_LOOP('',(#1977,#1978,#1979,#1980));
#341=EDGE_LOOP('',(#1981,#1982,#1983,#1984));
#342=EDGE_LOOP('',(#1985,#1986,#1987,#1988));
#343=EDGE_LOOP('',(#1989,#1990,#1991,#1992));
#344=EDGE_LOOP('',(#1993,#1994,#1995,#1996));
#345=EDGE_LOOP('',(#1997,#1998,#1999,#2000));
#346=EDGE_LOOP('',(#2001,#2002,#2003,#2004));
#347=EDGE_LOOP('',(#2005,#2006,#2007,#2008));
#348=EDGE_LOOP('',(#2009,#2010,#2011,#2012));
#349=EDGE_LOOP('',(#2013,#2014,#2015,#2016));
#350=EDGE_LOOP('',(#2017,#2018,#2019,#2020));
#351=EDGE_LOOP('',(#2021,#2022,#2023,#2024));
#352=EDGE_LOOP('',(#2025,#2026,#2027,#2028));
#353=EDGE_LOOP('',(#2029,#2030,#2031,#2032));
#354=EDGE_LOOP('',(#2033,#2034,#2035,#2036));
#355=EDGE_LOOP('',(#2037,#2038,#2039,#2040));
#356=EDGE_LOOP('',(#2041,#2042,#2043,#2044));
#357=EDGE_LOOP('',(#2045,#2046,#2047,#2048));
#358=EDGE_LOOP('',(#2049,#2050,#2051,#2052));
#359=EDGE_LOOP('',(#2053,#2054,#2055,#2056));
#360=EDGE_LOOP('',(#2057,#2058,#2059,#2060));
#361=EDGE_LOOP('',(#2061,#2062,#2063,#2064));
#362=EDGE_LOOP('',(#2065,#2066,#2067,#2068));
#363=EDGE_LOOP('',(#2069,#2070,#2071,#2072));
#364=EDGE_LOOP('',(#2073,#2074,#2075,#2076));
#365=EDGE_LOOP('',(#2077,#2078,#2079,#2080));
#366=EDGE_LOOP('',(#2081,#2082,#2083,#2084));
#367=EDGE_LOOP('',(#2085,#2086,#2087,#2088));
#368=EDGE_LOOP('',(#2089,#2090,#2091,#2092));
#369=EDGE_LOOP('',(#2093,#2094,#2095,#2096));
#370=EDGE_LOOP('',(#2097,#2098,#2099,#2100));
#371=EDGE_LOOP('',(#2101,#2102,#2103,#2104));
#372=EDGE_LOOP('',(#2105,#2106,#2107,#2108));
#373=EDGE_LOOP('',(#2109,#2110,#2111,#2112));
#374=EDGE_LOOP('',(#2113,#2114,#2115,#2116));
#375=EDGE_LOOP('',(#2117,#2118,#2119,#2120));
#376=EDGE_LOOP('',(#2121,#2122,#2123,#2124));
#377=EDGE_LOOP('',(#2125,#2126,#2127,#2128));
#378=EDGE_LOOP('',(#2129,#2130,#2131,#2132));
#379=EDGE_LOOP('',(#2133,#2134,#2135,#2136));
#380=EDGE_LOOP('',(#2137,#2138,#2139,#2140));
#381=LINE('',#3189,#611);
#382=LINE('',#3192,#612);
#383=LINE('',#3198,#613);
#384=LINE('',#3201,#614);
#385=LINE('',#3207,#615);
#386=LINE('',#3210,#616);
#387=LINE('',#3216,#617);
#388=LINE('',#3219,#618);
#389=LINE('',#3221,#619);
#390=LINE('',#3222,#620);
#391=LINE('',#3225,#621);
#392=LINE('',#3227,#622);
#393=LINE('',#3231,#623);
#394=LINE('',#3233,#624);
#395=LINE('',#3235,#625);
#396=LINE('',#3239,#626);
#397=LINE('',#3240,#627);
#398=LINE('',#3242,#628);
#399=LINE('',#3244,#629);
#400=LINE('',#3247,#630);
#401=LINE('',#3249,#631);
#402=LINE('',#3253,#632);
#403=LINE('',#3254,#633);
#404=LINE('',#3257,#634);
#405=LINE('',#3261,#635);
#406=LINE('',#3265,#636);
#407=LINE('',#3269,#637);
#408=LINE('',#3273,#638);
#409=LINE('',#3277,#639);
#410=LINE('',#3278,#640);
#411=LINE('',#3281,#641);
#412=LINE('',#3283,#642);
#413=LINE('',#3285,#643);
#414=LINE('',#3287,#644);
#415=LINE('',#3291,#645);
#416=LINE('',#3295,#646);
#417=LINE('',#3297,#647);
#418=LINE('',#3301,#648);
#419=LINE('',#3305,#649);
#420=LINE('',#3307,#650);
#421=LINE('',#3309,#651);
#422=LINE('',#3313,#652);
#423=LINE('',#3317,#653);
#424=LINE('',#3321,#654);
#425=LINE('',#3325,#655);
#426=LINE('',#3327,#656);
#427=LINE('',#3329,#657);
#428=LINE('',#3331,#658);
#429=LINE('',#3335,#659);
#430=LINE('',#3337,#660);
#431=LINE('',#3339,#661);
#432=LINE('',#3343,#662);
#433=LINE('',#3349,#663);
#434=LINE('',#3351,#664);
#435=LINE('',#3354,#665);
#436=LINE('',#3357,#666);
#437=LINE('',#3359,#667);
#438=LINE('',#3361,#668);
#439=LINE('',#3365,#669);
#440=LINE('',#3369,#670);
#441=LINE('',#3371,#671);
#442=LINE('',#3375,#672);
#443=LINE('',#3379,#673);
#444=LINE('',#3381,#674);
#445=LINE('',#3383,#675);
#446=LINE('',#3387,#676);
#447=LINE('',#3389,#677);
#448=LINE('',#3391,#678);
#449=LINE('',#3395,#679);
#450=LINE('',#3397,#680);
#451=LINE('',#3399,#681);
#452=LINE('',#3403,#682);
#453=LINE('',#3407,#683);
#454=LINE('',#3408,#684);
#455=LINE('',#3410,#685);
#456=LINE('',#3412,#686);
#457=LINE('',#3415,#687);
#458=LINE('',#3418,#688);
#459=LINE('',#3422,#689);
#460=LINE('',#3426,#690);
#461=LINE('',#3430,#691);
#462=LINE('',#3432,#692);
#463=LINE('',#3434,#693);
#464=LINE('',#3438,#694);
#465=LINE('',#3442,#695);
#466=LINE('',#3446,#696);
#467=LINE('',#3448,#697);
#468=LINE('',#3449,#698);
#469=LINE('',#3452,#699);
#470=LINE('',#3456,#700);
#471=LINE('',#3458,#701);
#472=LINE('',#3462,#702);
#473=LINE('',#3466,#703);
#474=LINE('',#3468,#704);
#475=LINE('',#3470,#705);
#476=LINE('',#3474,#706);
#477=LINE('',#3478,#707);
#478=LINE('',#3482,#708);
#479=LINE('',#3486,#709);
#480=LINE('',#3490,#710);
#481=LINE('',#3492,#711);
#482=LINE('',#3493,#712);
#483=LINE('',#3496,#713);
#484=LINE('',#3500,#714);
#485=LINE('',#3504,#715);
#486=LINE('',#3505,#716);
#487=LINE('',#3510,#717);
#488=LINE('',#3514,#718);
#489=LINE('',#3515,#719);
#490=LINE('',#3518,#720);
#491=LINE('',#3522,#721);
#492=LINE('',#3526,#722);
#493=LINE('',#3527,#723);
#494=LINE('',#3529,#724);
#495=LINE('',#3531,#725);
#496=LINE('',#3533,#726);
#497=LINE('',#3537,#727);
#498=LINE('',#3539,#728);
#499=LINE('',#3540,#729);
#500=LINE('',#3542,#730);
#501=LINE('',#3544,#731);
#502=LINE('',#3545,#732);
#503=LINE('',#3549,#733);
#504=LINE('',#3551,#734);
#505=LINE('',#3553,#735);
#506=LINE('',#3557,#736);
#507=LINE('',#3559,#737);
#508=LINE('',#3561,#738);
#509=LINE('',#3576,#739);
#510=LINE('',#3584,#740);
#511=LINE('',#3586,#741);
#512=LINE('',#3589,#742);
#513=LINE('',#3602,#743);
#514=LINE('',#3611,#744);
#515=LINE('',#3613,#745);
#516=LINE('',#3617,#746);
#517=LINE('',#3619,#747);
#518=LINE('',#3621,#748);
#519=LINE('',#3635,#749);
#520=LINE('',#3643,#750);
#521=LINE('',#3645,#751);
#522=LINE('',#3647,#752);
#523=LINE('',#3651,#753);
#524=LINE('',#3665,#754);
#525=LINE('',#3673,#755);
#526=LINE('',#3674,#756);
#527=LINE('',#3676,#757);
#528=LINE('',#3678,#758);
#529=LINE('',#3680,#759);
#530=LINE('',#3681,#760);
#531=LINE('',#3682,#761);
#532=LINE('',#3684,#762);
#533=LINE('',#3686,#763);
#534=LINE('',#3689,#764);
#535=LINE('',#3690,#765);
#536=LINE('',#3692,#766);
#537=LINE('',#3695,#767);
#538=LINE('',#3697,#768);
#539=LINE('',#3700,#769);
#540=LINE('',#3701,#770);
#541=LINE('',#3703,#771);
#542=LINE('',#3705,#772);
#543=LINE('',#3707,#773);
#544=LINE('',#3709,#774);
#545=LINE('',#3712,#775);
#546=LINE('',#3713,#776);
#547=LINE('',#3715,#777);
#548=LINE('',#3717,#778);
#549=LINE('',#3721,#779);
#550=LINE('',#3723,#780);
#551=LINE('',#3725,#781);
#552=LINE('',#3728,#782);
#553=LINE('',#3729,#783);
#554=LINE('',#3731,#784);
#555=LINE('',#3733,#785);
#556=LINE('',#3735,#786);
#557=LINE('',#3737,#787);
#558=LINE('',#3740,#788);
#559=LINE('',#3741,#789);
#560=LINE('',#3743,#790);
#561=LINE('',#3745,#791);
#562=LINE('',#3747,#792);
#563=LINE('',#3749,#793);
#564=LINE('',#3752,#794);
#565=LINE('',#3753,#795);
#566=LINE('',#3755,#796);
#567=LINE('',#3757,#797);
#568=LINE('',#3759,#798);
#569=LINE('',#3762,#799);
#570=LINE('',#3763,#800);
#571=LINE('',#3765,#801);
#572=LINE('',#3767,#802);
#573=LINE('',#3769,#803);
#574=LINE('',#3772,#804);
#575=LINE('',#3773,#805);
#576=LINE('',#3775,#806);
#577=LINE('',#3777,#807);
#578=LINE('',#3779,#808);
#579=LINE('',#3781,#809);
#580=LINE('',#3784,#810);
#581=LINE('',#3786,#811);
#582=LINE('',#3788,#812);
#583=LINE('',#3791,#813);
#584=LINE('',#3792,#814);
#585=LINE('',#3794,#815);
#586=LINE('',#3796,#816);
#587=LINE('',#3798,#817);
#588=LINE('',#3800,#818);
#589=LINE('',#3803,#819);
#590=LINE('',#3804,#820);
#591=LINE('',#3806,#821);
#592=LINE('',#3808,#822);
#593=LINE('',#3810,#823);
#594=LINE('',#3813,#824);
#595=LINE('',#3814,#825);
#596=LINE('',#3816,#826);
#597=LINE('',#3818,#827);
#598=LINE('',#3820,#828);
#599=LINE('',#3822,#829);
#600=LINE('',#3825,#830);
#601=LINE('',#3826,#831);
#602=LINE('',#3828,#832);
#603=LINE('',#3830,#833);
#604=LINE('',#3832,#834);
#605=LINE('',#3835,#835);
#606=LINE('',#3836,#836);
#607=LINE('',#3838,#837);
#608=LINE('',#3840,#838);
#609=LINE('',#3842,#839);
#610=LINE('',#3844,#840);
#611=VECTOR('',#2529,10.);
#612=VECTOR('',#2532,10.);
#613=VECTOR('',#2537,10.);
#614=VECTOR('',#2540,10.);
#615=VECTOR('',#2545,10.);
#616=VECTOR('',#2548,10.);
#617=VECTOR('',#2553,10.);
#618=VECTOR('',#2556,10.);
#619=VECTOR('',#2559,10.);
#620=VECTOR('',#2560,10.);
#621=VECTOR('',#2563,10.);
#622=VECTOR('',#2564,10.);
#623=VECTOR('',#2567,10.);
#624=VECTOR('',#2568,10.);
#625=VECTOR('',#2569,10.);
#626=VECTOR('',#2572,10.);
#627=VECTOR('',#2573,10.);
#628=VECTOR('',#2574,10.);
#629=VECTOR('',#2575,10.);
#630=VECTOR('',#2578,10.);
#631=VECTOR('',#2579,10.);
#632=VECTOR('',#2582,10.);
#633=VECTOR('',#2583,10.);
#634=VECTOR('',#2584,10.);
#635=VECTOR('',#2587,10.);
#636=VECTOR('',#2590,10.);
#637=VECTOR('',#2593,10.);
#638=VECTOR('',#2596,10.);
#639=VECTOR('',#2599,10.);
#640=VECTOR('',#2600,10.);
#641=VECTOR('',#2601,10.);
#642=VECTOR('',#2602,10.);
#643=VECTOR('',#2603,10.);
#644=VECTOR('',#2604,10.);
#645=VECTOR('',#2607,10.);
#646=VECTOR('',#2610,10.);
#647=VECTOR('',#2611,10.);
#648=VECTOR('',#2614,10.);
#649=VECTOR('',#2617,10.);
#650=VECTOR('',#2618,10.);
#651=VECTOR('',#2619,10.);
#652=VECTOR('',#2622,10.);
#653=VECTOR('',#2625,10.);
#654=VECTOR('',#2628,10.);
#655=VECTOR('',#2631,10.);
#656=VECTOR('',#2632,10.);
#657=VECTOR('',#2633,10.);
#658=VECTOR('',#2634,10.);
#659=VECTOR('',#2637,10.);
#660=VECTOR('',#2638,10.);
#661=VECTOR('',#2639,10.);
#662=VECTOR('',#2642,10.);
#663=VECTOR('',#2647,10.);
#664=VECTOR('',#2648,10.);
#665=VECTOR('',#2651,10.);
#666=VECTOR('',#2652,10.);
#667=VECTOR('',#2653,10.);
#668=VECTOR('',#2654,10.);
#669=VECTOR('',#2657,10.);
#670=VECTOR('',#2662,10.);
#671=VECTOR('',#2663,10.);
#672=VECTOR('',#2666,10.);
#673=VECTOR('',#2669,10.);
#674=VECTOR('',#2670,10.);
#675=VECTOR('',#2671,10.);
#676=VECTOR('',#2674,10.);
#677=VECTOR('',#2675,10.);
#678=VECTOR('',#2676,10.);
#679=VECTOR('',#2679,10.);
#680=VECTOR('',#2680,10.);
#681=VECTOR('',#2681,10.);
#682=VECTOR('',#2684,10.);
#683=VECTOR('',#2687,10.);
#684=VECTOR('',#2688,10.);
#685=VECTOR('',#2689,10.);
#686=VECTOR('',#2690,10.);
#687=VECTOR('',#2693,10.);
#688=VECTOR('',#2694,10.);
#689=VECTOR('',#2697,10.);
#690=VECTOR('',#2700,10.);
#691=VECTOR('',#2703,10.);
#692=VECTOR('',#2704,10.);
#693=VECTOR('',#2705,10.);
#694=VECTOR('',#2708,10.);
#695=VECTOR('',#2711,10.);
#696=VECTOR('',#2714,10.);
#697=VECTOR('',#2715,10.);
#698=VECTOR('',#2716,10.);
#699=VECTOR('',#2717,10.);
#700=VECTOR('',#2720,10.);
#701=VECTOR('',#2721,10.);
#702=VECTOR('',#2724,10.);
#703=VECTOR('',#2727,10.);
#704=VECTOR('',#2728,10.);
#705=VECTOR('',#2729,10.);
#706=VECTOR('',#2732,10.);
#707=VECTOR('',#2735,10.);
#708=VECTOR('',#2738,10.);
#709=VECTOR('',#2741,10.);
#710=VECTOR('',#2744,10.);
#711=VECTOR('',#2745,10.);
#712=VECTOR('',#2746,10.);
#713=VECTOR('',#2747,10.);
#714=VECTOR('',#2750,10.);
#715=VECTOR('',#2753,10.);
#716=VECTOR('',#2754,10.);
#717=VECTOR('',#2757,10.);
#718=VECTOR('',#2760,10.);
#719=VECTOR('',#2761,10.);
#720=VECTOR('',#2762,10.);
#721=VECTOR('',#2765,10.);
#722=VECTOR('',#2768,10.);
#723=VECTOR('',#2769,10.);
#724=VECTOR('',#2770,10.);
#725=VECTOR('',#2771,10.);
#726=VECTOR('',#2772,10.);
#727=VECTOR('',#2777,10.);
#728=VECTOR('',#2778,10.);
#729=VECTOR('',#2779,10.);
#730=VECTOR('',#2780,10.);
#731=VECTOR('',#2781,10.);
#732=VECTOR('',#2782,10.);
#733=VECTOR('',#2785,10.);
#734=VECTOR('',#2786,10.);
#735=VECTOR('',#2787,10.);
#736=VECTOR('',#2790,10.);
#737=VECTOR('',#2791,10.);
#738=VECTOR('',#2792,10.);
#739=VECTOR('',#2811,1.);
#740=VECTOR('',#2822,10.);
#741=VECTOR('',#2823,10.);
#742=VECTOR('',#2826,10.);
#743=VECTOR('',#2841,1.);
#744=VECTOR('',#2854,10.);
#745=VECTOR('',#2855,10.);
#746=VECTOR('',#2858,10.);
#747=VECTOR('',#2859,10.);
#748=VECTOR('',#2860,10.);
#749=VECTOR('',#2877,1.);
#750=VECTOR('',#2888,10.);
#751=VECTOR('',#2889,10.);
#752=VECTOR('',#2890,10.);
#753=VECTOR('',#2893,10.);
#754=VECTOR('',#2910,1.);
#755=VECTOR('',#2923,10.);
#756=VECTOR('',#2924,10.);
#757=VECTOR('',#2927,10.);
#758=VECTOR('',#2930,10.);
#759=VECTOR('',#2933,10.);
#760=VECTOR('',#2934,10.);
#761=VECTOR('',#2935,10.);
#762=VECTOR('',#2938,10.);
#763=VECTOR('',#2941,10.);
#764=VECTOR('',#2946,10.);
#765=VECTOR('',#2947,10.);
#766=VECTOR('',#2950,10.);
#767=VECTOR('',#2955,10.);
#768=VECTOR('',#2958,10.);
#769=VECTOR('',#2963,10.);
#770=VECTOR('',#2964,10.);
#771=VECTOR('',#2967,10.);
#772=VECTOR('',#2970,10.);
#773=VECTOR('',#2973,10.);
#774=VECTOR('',#2976,10.);
#775=VECTOR('',#2981,10.);
#776=VECTOR('',#2982,10.);
#777=VECTOR('',#2985,10.);
#778=VECTOR('',#2988,10.);
#779=VECTOR('',#2995,10.);
#780=VECTOR('',#2998,10.);
#781=VECTOR('',#3001,10.);
#782=VECTOR('',#3006,10.);
#783=VECTOR('',#3007,10.);
#784=VECTOR('',#3010,10.);
#785=VECTOR('',#3013,10.);
#786=VECTOR('',#3016,10.);
#787=VECTOR('',#3019,10.);
#788=VECTOR('',#3024,10.);
#789=VECTOR('',#3025,10.);
#790=VECTOR('',#3028,10.);
#791=VECTOR('',#3031,10.);
#792=VECTOR('',#3034,10.);
#793=VECTOR('',#3037,10.);
#794=VECTOR('',#3042,10.);
#795=VECTOR('',#3043,10.);
#796=VECTOR('',#3046,10.);
#797=VECTOR('',#3049,10.);
#798=VECTOR('',#3052,10.);
#799=VECTOR('',#3057,10.);
#800=VECTOR('',#3058,10.);
#801=VECTOR('',#3061,10.);
#802=VECTOR('',#3064,10.);
#803=VECTOR('',#3067,10.);
#804=VECTOR('',#3072,10.);
#805=VECTOR('',#3073,10.);
#806=VECTOR('',#3076,10.);
#807=VECTOR('',#3079,10.);
#808=VECTOR('',#3082,10.);
#809=VECTOR('',#3085,10.);
#810=VECTOR('',#3090,10.);
#811=VECTOR('',#3093,10.);
#812=VECTOR('',#3096,10.);
#813=VECTOR('',#3101,10.);
#814=VECTOR('',#3102,10.);
#815=VECTOR('',#3105,10.);
#816=VECTOR('',#3108,10.);
#817=VECTOR('',#3111,10.);
#818=VECTOR('',#3114,10.);
#819=VECTOR('',#3119,10.);
#820=VECTOR('',#3120,10.);
#821=VECTOR('',#3123,10.);
#822=VECTOR('',#3126,10.);
#823=VECTOR('',#3129,10.);
#824=VECTOR('',#3134,10.);
#825=VECTOR('',#3135,10.);
#826=VECTOR('',#3138,10.);
#827=VECTOR('',#3141,10.);
#828=VECTOR('',#3144,10.);
#829=VECTOR('',#3147,10.);
#830=VECTOR('',#3152,10.);
#831=VECTOR('',#3153,10.);
#832=VECTOR('',#3156,10.);
#833=VECTOR('',#3159,10.);
#834=VECTOR('',#3162,10.);
#835=VECTOR('',#3167,10.);
#836=VECTOR('',#3168,10.);
#837=VECTOR('',#3171,10.);
#838=VECTOR('',#3174,10.);
#839=VECTOR('',#3177,10.);
#840=VECTOR('',#3180,10.);
#841=CIRCLE('',#2310,2.00000000000001);
#842=CIRCLE('',#2311,2.00000000000001);
#843=CIRCLE('',#2313,2.00000000000001);
#844=CIRCLE('',#2314,2.00000000000001);
#845=CIRCLE('',#2316,2.00000000000001);
#846=CIRCLE('',#2317,2.00000000000001);
#847=CIRCLE('',#2319,2.00000000000001);
#848=CIRCLE('',#2320,2.00000000000001);
#849=CIRCLE('',#2323,2.00255313155108);
#850=CIRCLE('',#2324,2.00255313155507);
#851=CIRCLE('',#2325,5.);
#852=CIRCLE('',#2326,5.00000000000001);
#853=CIRCLE('',#2327,2.);
#854=CIRCLE('',#2328,1.);
#855=CIRCLE('',#2329,2.);
#856=CIRCLE('',#2330,2.);
#857=CIRCLE('',#2331,5.);
#858=CIRCLE('',#2332,0.999999999999999);
#859=CIRCLE('',#2333,5.);
#860=CIRCLE('',#2334,2.);
#861=CIRCLE('',#2335,2.00000000000001);
#862=CIRCLE('',#2336,2.);
#863=CIRCLE('',#2337,2.00000000000001);
#864=CIRCLE('',#2338,1.);
#865=CIRCLE('',#2339,2.);
#866=CIRCLE('',#2340,1.);
#867=CIRCLE('',#2341,5.00000000000001);
#868=CIRCLE('',#2342,2.);
#869=CIRCLE('',#2343,2.);
#870=CIRCLE('',#2344,5.);
#871=CIRCLE('',#2345,2.00000000000001);
#872=CIRCLE('',#2346,2.);
#873=CIRCLE('',#2348,2.);
#874=CIRCLE('',#2349,2.);
#875=CIRCLE('',#2350,2.00000000000001);
#876=CIRCLE('',#2351,2.);
#877=CIRCLE('',#2352,2.);
#878=CIRCLE('',#2353,2.);
#879=CIRCLE('',#2354,5.);
#880=CIRCLE('',#2355,2.);
#881=CIRCLE('',#2356,1.);
#882=CIRCLE('',#2357,2.);
#883=CIRCLE('',#2358,5.);
#884=CIRCLE('',#2359,2.);
#885=CIRCLE('',#2360,0.999999999999999);
#886=CIRCLE('',#2361,2.);
#887=CIRCLE('',#2362,5.);
#888=CIRCLE('',#2363,2.);
#889=CIRCLE('',#2364,2.00000000000001);
#890=CIRCLE('',#2365,2.);
#891=CIRCLE('',#2366,1.);
#892=CIRCLE('',#2367,2.00000000000001);
#893=CIRCLE('',#2368,1.);
#894=CIRCLE('',#2369,2.);
#895=CIRCLE('',#2370,5.00000000000001);
#896=CIRCLE('',#2371,2.);
#897=CIRCLE('',#2372,5.);
#898=CIRCLE('',#2373,2.);
#899=CIRCLE('',#2374,2.00000000000001);
#900=CIRCLE('',#2375,5.00000000000001);
#901=CIRCLE('',#2378,2.00255313155108);
#902=CIRCLE('',#2379,2.);
#903=CIRCLE('',#2380,1.2);
#904=CIRCLE('',#2382,1.);
#905=CIRCLE('',#2383,0.2);
#906=CIRCLE('',#2385,0.800000000000001);
#907=CIRCLE('',#2387,1.);
#908=CIRCLE('',#2388,1.);
#909=CIRCLE('',#2390,0.2);
#910=CIRCLE('',#2392,2.);
#911=CIRCLE('',#2393,2.);
#912=CIRCLE('',#2394,1.2);
#913=CIRCLE('',#2396,0.800000000000001);
#914=CIRCLE('',#2397,0.2);
#915=CIRCLE('',#2398,1.);
#916=CIRCLE('',#2399,1.);
#917=CIRCLE('',#2401,1.);
#918=CIRCLE('',#2402,1.);
#919=CIRCLE('',#2405,0.2);
#920=CIRCLE('',#2407,2.00255313155507);
#921=CIRCLE('',#2408,2.00000000000001);
#922=CIRCLE('',#2409,1.2);
#923=CIRCLE('',#2411,0.800000000000001);
#924=CIRCLE('',#2412,0.2);
#925=CIRCLE('',#2413,1.);
#926=CIRCLE('',#2414,1.);
#927=CIRCLE('',#2416,1.);
#928=CIRCLE('',#2419,0.2);
#929=CIRCLE('',#2421,2.);
#930=CIRCLE('',#2422,2.);
#931=CIRCLE('',#2423,1.2);
#932=CIRCLE('',#2425,0.800000000000001);
#933=CIRCLE('',#2426,0.2);
#934=CIRCLE('',#2427,1.);
#935=CIRCLE('',#2428,1.);
#936=CIRCLE('',#2430,1.);
#937=CIRCLE('',#2431,1.);
#938=CIRCLE('',#2434,0.2);
#939=VERTEX_POINT('',#3185);
#940=VERTEX_POINT('',#3186);
#941=VERTEX_POINT('',#3188);
#942=VERTEX_POINT('',#3190);
#943=VERTEX_POINT('',#3194);
#944=VERTEX_POINT('',#3195);
#945=VERTEX_POINT('',#3197);
#946=VERTEX_POINT('',#3199);
#947=VERTEX_POINT('',#3203);
#948=VERTEX_POINT('',#3204);
#949=VERTEX_POINT('',#3206);
#950=VERTEX_POINT('',#3208);
#951=VERTEX_POINT('',#3212);
#952=VERTEX_POINT('',#3213);
#953=VERTEX_POINT('',#3215);
#954=VERTEX_POINT('',#3217);
#955=VERTEX_POINT('',#3224);
#956=VERTEX_POINT('',#3226);
#957=VERTEX_POINT('',#3228);
#958=VERTEX_POINT('',#3230);
#959=VERTEX_POINT('',#3232);
#960=VERTEX_POINT('',#3234);
#961=VERTEX_POINT('',#3236);
#962=VERTEX_POINT('',#3238);
#963=VERTEX_POINT('',#3241);
#964=VERTEX_POINT('',#3243);
#965=VERTEX_POINT('',#3245);
#966=VERTEX_POINT('',#3248);
#967=VERTEX_POINT('',#3250);
#968=VERTEX_POINT('',#3252);
#969=VERTEX_POINT('',#3255);
#970=VERTEX_POINT('',#3256);
#971=VERTEX_POINT('',#3258);
#972=VERTEX_POINT('',#3260);
#973=VERTEX_POINT('',#3262);
#974=VERTEX_POINT('',#3264);
#975=VERTEX_POINT('',#3267);
#976=VERTEX_POINT('',#3268);
#977=VERTEX_POINT('',#3270);
#978=VERTEX_POINT('',#3272);
#979=VERTEX_POINT('',#3274);
#980=VERTEX_POINT('',#3276);
#981=VERTEX_POINT('',#3279);
#982=VERTEX_POINT('',#3280);
#983=VERTEX_POINT('',#3282);
#984=VERTEX_POINT('',#3284);
#985=VERTEX_POINT('',#3286);
#986=VERTEX_POINT('',#3289);
#987=VERTEX_POINT('',#3290);
#988=VERTEX_POINT('',#3292);
#989=VERTEX_POINT('',#3294);
#990=VERTEX_POINT('',#3296);
#991=VERTEX_POINT('',#3299);
#992=VERTEX_POINT('',#3300);
#993=VERTEX_POINT('',#3302);
#994=VERTEX_POINT('',#3304);
#995=VERTEX_POINT('',#3306);
#996=VERTEX_POINT('',#3308);
#997=VERTEX_POINT('',#3311);
#998=VERTEX_POINT('',#3312);
#999=VERTEX_POINT('',#3314);
#1000=VERTEX_POINT('',#3316);
#1001=VERTEX_POINT('',#3318);
#1002=VERTEX_POINT('',#3320);
#1003=VERTEX_POINT('',#3323);
#1004=VERTEX_POINT('',#3324);
#1005=VERTEX_POINT('',#3326);
#1006=VERTEX_POINT('',#3328);
#1007=VERTEX_POINT('',#3330);
#1008=VERTEX_POINT('',#3333);
#1009=VERTEX_POINT('',#3334);
#1010=VERTEX_POINT('',#3336);
#1011=VERTEX_POINT('',#3338);
#1012=VERTEX_POINT('',#3340);
#1013=VERTEX_POINT('',#3342);
#1014=VERTEX_POINT('',#3345);
#1015=VERTEX_POINT('',#3346);
#1016=VERTEX_POINT('',#3348);
#1017=VERTEX_POINT('',#3350);
#1018=VERTEX_POINT('',#3352);
#1019=VERTEX_POINT('',#3355);
#1020=VERTEX_POINT('',#3356);
#1021=VERTEX_POINT('',#3358);
#1022=VERTEX_POINT('',#3360);
#1023=VERTEX_POINT('',#3362);
#1024=VERTEX_POINT('',#3364);
#1025=VERTEX_POINT('',#3368);
#1026=VERTEX_POINT('',#3370);
#1027=VERTEX_POINT('',#3372);
#1028=VERTEX_POINT('',#3374);
#1029=VERTEX_POINT('',#3376);
#1030=VERTEX_POINT('',#3378);
#1031=VERTEX_POINT('',#3380);
#1032=VERTEX_POINT('',#3382);
#1033=VERTEX_POINT('',#3384);
#1034=VERTEX_POINT('',#3386);
#1035=VERTEX_POINT('',#3388);
#1036=VERTEX_POINT('',#3390);
#1037=VERTEX_POINT('',#3392);
#1038=VERTEX_POINT('',#3394);
#1039=VERTEX_POINT('',#3396);
#1040=VERTEX_POINT('',#3398);
#1041=VERTEX_POINT('',#3400);
#1042=VERTEX_POINT('',#3402);
#1043=VERTEX_POINT('',#3404);
#1044=VERTEX_POINT('',#3406);
#1045=VERTEX_POINT('',#3409);
#1046=VERTEX_POINT('',#3411);
#1047=VERTEX_POINT('',#3413);
#1048=VERTEX_POINT('',#3416);
#1049=VERTEX_POINT('',#3417);
#1050=VERTEX_POINT('',#3419);
#1051=VERTEX_POINT('',#3421);
#1052=VERTEX_POINT('',#3423);
#1053=VERTEX_POINT('',#3425);
#1054=VERTEX_POINT('',#3428);
#1055=VERTEX_POINT('',#3429);
#1056=VERTEX_POINT('',#3431);
#1057=VERTEX_POINT('',#3433);
#1058=VERTEX_POINT('',#3435);
#1059=VERTEX_POINT('',#3437);
#1060=VERTEX_POINT('',#3440);
#1061=VERTEX_POINT('',#3441);
#1062=VERTEX_POINT('',#3443);
#1063=VERTEX_POINT('',#3445);
#1064=VERTEX_POINT('',#3447);
#1065=VERTEX_POINT('',#3450);
#1066=VERTEX_POINT('',#3451);
#1067=VERTEX_POINT('',#3453);
#1068=VERTEX_POINT('',#3455);
#1069=VERTEX_POINT('',#3457);
#1070=VERTEX_POINT('',#3460);
#1071=VERTEX_POINT('',#3461);
#1072=VERTEX_POINT('',#3463);
#1073=VERTEX_POINT('',#3465);
#1074=VERTEX_POINT('',#3467);
#1075=VERTEX_POINT('',#3469);
#1076=VERTEX_POINT('',#3472);
#1077=VERTEX_POINT('',#3473);
#1078=VERTEX_POINT('',#3475);
#1079=VERTEX_POINT('',#3477);
#1080=VERTEX_POINT('',#3479);
#1081=VERTEX_POINT('',#3481);
#1082=VERTEX_POINT('',#3484);
#1083=VERTEX_POINT('',#3485);
#1084=VERTEX_POINT('',#3487);
#1085=VERTEX_POINT('',#3489);
#1086=VERTEX_POINT('',#3491);
#1087=VERTEX_POINT('',#3494);
#1088=VERTEX_POINT('',#3495);
#1089=VERTEX_POINT('',#3497);
#1090=VERTEX_POINT('',#3499);
#1091=VERTEX_POINT('',#3501);
#1092=VERTEX_POINT('',#3503);
#1093=VERTEX_POINT('',#3506);
#1094=VERTEX_POINT('',#3507);
#1095=VERTEX_POINT('',#3509);
#1096=VERTEX_POINT('',#3511);
#1097=VERTEX_POINT('',#3513);
#1098=VERTEX_POINT('',#3516);
#1099=VERTEX_POINT('',#3517);
#1100=VERTEX_POINT('',#3519);
#1101=VERTEX_POINT('',#3521);
#1102=VERTEX_POINT('',#3523);
#1103=VERTEX_POINT('',#3525);
#1104=VERTEX_POINT('',#3528);
#1105=VERTEX_POINT('',#3530);
#1106=VERTEX_POINT('',#3532);
#1107=VERTEX_POINT('',#3536);
#1108=VERTEX_POINT('',#3538);
#1109=VERTEX_POINT('',#3541);
#1110=VERTEX_POINT('',#3543);
#1111=VERTEX_POINT('',#3547);
#1112=VERTEX_POINT('',#3548);
#1113=VERTEX_POINT('',#3550);
#1114=VERTEX_POINT('',#3552);
#1115=VERTEX_POINT('',#3554);
#1116=VERTEX_POINT('',#3556);
#1117=VERTEX_POINT('',#3558);
#1118=VERTEX_POINT('',#3560);
#1119=VERTEX_POINT('',#3563);
#1120=VERTEX_POINT('',#3566);
#1121=VERTEX_POINT('',#3570);
#1122=VERTEX_POINT('',#3573);
#1123=VERTEX_POINT('',#3574);
#1124=VERTEX_POINT('',#3581);
#1125=VERTEX_POINT('',#3582);
#1126=VERTEX_POINT('',#3585);
#1127=VERTEX_POINT('',#3587);
#1128=VERTEX_POINT('',#3590);
#1129=VERTEX_POINT('',#3593);
#1130=VERTEX_POINT('',#3595);
#1131=VERTEX_POINT('',#3597);
#1132=VERTEX_POINT('',#3601);
#1133=VERTEX_POINT('',#3603);
#1134=VERTEX_POINT('',#3610);
#1135=VERTEX_POINT('',#3612);
#1136=VERTEX_POINT('',#3614);
#1137=VERTEX_POINT('',#3616);
#1138=VERTEX_POINT('',#3618);
#1139=VERTEX_POINT('',#3620);
#1140=VERTEX_POINT('',#3623);
#1141=VERTEX_POINT('',#3626);
#1142=VERTEX_POINT('',#3628);
#1143=VERTEX_POINT('',#3630);
#1144=VERTEX_POINT('',#3634);
#1145=VERTEX_POINT('',#3641);
#1146=VERTEX_POINT('',#3642);
#1147=VERTEX_POINT('',#3644);
#1148=VERTEX_POINT('',#3646);
#1149=VERTEX_POINT('',#3648);
#1150=VERTEX_POINT('',#3650);
#1151=VERTEX_POINT('',#3653);
#1152=VERTEX_POINT('',#3656);
#1153=VERTEX_POINT('',#3658);
#1154=VERTEX_POINT('',#3660);
#1155=VERTEX_POINT('',#3664);
#1156=VERTEX_POINT('',#3666);
#1157=EDGE_CURVE('',#939,#940,#841,.T.);
#1158=EDGE_CURVE('',#940,#941,#381,.T.);
#1159=EDGE_CURVE('',#942,#941,#842,.T.);
#1160=EDGE_CURVE('',#939,#942,#382,.T.);
#1161=EDGE_CURVE('',#943,#944,#843,.T.);
#1162=EDGE_CURVE('',#943,#945,#383,.T.);
#1163=EDGE_CURVE('',#946,#945,#844,.T.);
#1164=EDGE_CURVE('',#944,#946,#384,.T.);
#1165=EDGE_CURVE('',#947,#948,#845,.T.);
#1166=EDGE_CURVE('',#947,#949,#385,.T.);
#1167=EDGE_CURVE('',#950,#949,#846,.T.);
#1168=EDGE_CURVE('',#948,#950,#386,.T.);
#1169=EDGE_CURVE('',#951,#952,#847,.T.);
#1170=EDGE_CURVE('',#952,#953,#387,.T.);
#1171=EDGE_CURVE('',#954,#953,#848,.T.);
#1172=EDGE_CURVE('',#951,#954,#388,.T.);
#1173=EDGE_CURVE('',#949,#946,#389,.T.);
#1174=EDGE_CURVE('',#947,#944,#390,.T.);
#1175=EDGE_CURVE('',#945,#955,#391,.T.);
#1176=EDGE_CURVE('',#955,#956,#392,.T.);
#1177=EDGE_CURVE('',#956,#957,#849,.T.);
#1178=EDGE_CURVE('',#957,#958,#393,.T.);
#1179=EDGE_CURVE('',#958,#959,#394,.T.);
#1180=EDGE_CURVE('',#959,#960,#395,.T.);
#1181=EDGE_CURVE('',#960,#961,#850,.T.);
#1182=EDGE_CURVE('',#961,#962,#396,.T.);
#1183=EDGE_CURVE('',#962,#950,#397,.T.);
#1184=EDGE_CURVE('',#941,#963,#398,.T.);
#1185=EDGE_CURVE('',#963,#964,#399,.T.);
#1186=EDGE_CURVE('',#964,#965,#851,.T.);
#1187=EDGE_CURVE('',#965,#942,#400,.T.);
#1188=EDGE_CURVE('',#953,#966,#401,.T.);
#1189=EDGE_CURVE('',#966,#967,#852,.T.);
#1190=EDGE_CURVE('',#967,#968,#402,.T.);
#1191=EDGE_CURVE('',#968,#954,#403,.T.);
#1192=EDGE_CURVE('',#969,#970,#404,.T.);
#1193=EDGE_CURVE('',#970,#971,#853,.T.);
#1194=EDGE_CURVE('',#971,#972,#405,.T.);
#1195=EDGE_CURVE('',#972,#973,#854,.T.);
#1196=EDGE_CURVE('',#973,#974,#406,.T.);
#1197=EDGE_CURVE('',#974,#969,#855,.T.);
#1198=EDGE_CURVE('',#975,#976,#407,.T.);
#1199=EDGE_CURVE('',#976,#977,#856,.T.);
#1200=EDGE_CURVE('',#977,#978,#408,.T.);
#1201=EDGE_CURVE('',#978,#979,#857,.T.);
#1202=EDGE_CURVE('',#979,#980,#409,.T.);
#1203=EDGE_CURVE('',#980,#975,#410,.T.);
#1204=EDGE_CURVE('',#981,#982,#411,.T.);
#1205=EDGE_CURVE('',#982,#983,#412,.T.);
#1206=EDGE_CURVE('',#983,#984,#413,.T.);
#1207=EDGE_CURVE('',#984,#985,#414,.T.);
#1208=EDGE_CURVE('',#985,#981,#858,.T.);
#1209=EDGE_CURVE('',#986,#987,#415,.T.);
#1210=EDGE_CURVE('',#987,#988,#859,.T.);
#1211=EDGE_CURVE('',#988,#989,#416,.T.);
#1212=EDGE_CURVE('',#989,#990,#417,.T.);
#1213=EDGE_CURVE('',#990,#986,#860,.T.);
#1214=EDGE_CURVE('',#991,#992,#418,.T.);
#1215=EDGE_CURVE('',#992,#993,#861,.T.);
#1216=EDGE_CURVE('',#993,#994,#419,.T.);
#1217=EDGE_CURVE('',#994,#995,#420,.T.);
#1218=EDGE_CURVE('',#995,#996,#421,.T.);
#1219=EDGE_CURVE('',#996,#991,#862,.T.);
#1220=EDGE_CURVE('',#997,#998,#422,.T.);
#1221=EDGE_CURVE('',#998,#999,#863,.T.);
#1222=EDGE_CURVE('',#999,#1000,#423,.T.);
#1223=EDGE_CURVE('',#1000,#1001,#864,.T.);
#1224=EDGE_CURVE('',#1001,#1002,#424,.T.);
#1225=EDGE_CURVE('',#1002,#997,#865,.T.);
#1226=EDGE_CURVE('',#1003,#1004,#425,.T.);
#1227=EDGE_CURVE('',#1004,#1005,#426,.T.);
#1228=EDGE_CURVE('',#1005,#1006,#427,.T.);
#1229=EDGE_CURVE('',#1006,#1007,#428,.T.);
#1230=EDGE_CURVE('',#1007,#1003,#866,.T.);
#1231=EDGE_CURVE('',#1008,#1009,#429,.T.);
#1232=EDGE_CURVE('',#1009,#1010,#430,.T.);
#1233=EDGE_CURVE('',#1010,#1011,#431,.T.);
#1234=EDGE_CURVE('',#1011,#1012,#867,.T.);
#1235=EDGE_CURVE('',#1012,#1013,#432,.T.);
#1236=EDGE_CURVE('',#1013,#1008,#868,.T.);
#1237=EDGE_CURVE('',#1014,#1015,#869,.T.);
#1238=EDGE_CURVE('',#1015,#1016,#433,.T.);
#1239=EDGE_CURVE('',#1016,#1017,#434,.T.);
#1240=EDGE_CURVE('',#1017,#1018,#870,.T.);
#1241=EDGE_CURVE('',#1018,#1014,#435,.T.);
#1242=EDGE_CURVE('',#1019,#1020,#436,.T.);
#1243=EDGE_CURVE('',#1020,#1021,#437,.T.);
#1244=EDGE_CURVE('',#1021,#1022,#438,.T.);
#1245=EDGE_CURVE('',#1022,#1023,#871,.T.);
#1246=EDGE_CURVE('',#1023,#1024,#439,.T.);
#1247=EDGE_CURVE('',#1024,#1019,#872,.T.);
#1248=EDGE_CURVE('',#948,#1025,#440,.T.);
#1249=EDGE_CURVE('',#1025,#1026,#441,.T.);
#1250=EDGE_CURVE('',#1026,#1027,#873,.T.);
#1251=EDGE_CURVE('',#1027,#1028,#442,.T.);
#1252=EDGE_CURVE('',#1028,#1029,#874,.T.);
#1253=EDGE_CURVE('',#1029,#1030,#443,.T.);
#1254=EDGE_CURVE('',#1031,#1030,#444,.T.);
#1255=EDGE_CURVE('',#1032,#1031,#445,.T.);
#1256=EDGE_CURVE('',#1033,#1032,#875,.T.);
#1257=EDGE_CURVE('',#1034,#1033,#446,.T.);
#1258=EDGE_CURVE('',#1035,#1034,#447,.T.);
#1259=EDGE_CURVE('',#1036,#1035,#448,.T.);
#1260=EDGE_CURVE('',#1037,#1036,#876,.T.);
#1261=EDGE_CURVE('',#1038,#1037,#449,.T.);
#1262=EDGE_CURVE('',#1039,#1038,#450,.T.);
#1263=EDGE_CURVE('',#1040,#1039,#451,.T.);
#1264=EDGE_CURVE('',#1041,#1040,#877,.T.);
#1265=EDGE_CURVE('',#1042,#1041,#452,.T.);
#1266=EDGE_CURVE('',#1043,#1042,#878,.T.);
#1267=EDGE_CURVE('',#1044,#1043,#453,.T.);
#1268=EDGE_CURVE('',#943,#1044,#454,.T.);
#1269=EDGE_CURVE('',#940,#1045,#455,.T.);
#1270=EDGE_CURVE('',#939,#1046,#456,.T.);
#1271=EDGE_CURVE('',#1046,#1047,#879,.T.);
#1272=EDGE_CURVE('',#1047,#1045,#457,.T.);
#1273=EDGE_CURVE('',#1048,#1049,#458,.T.);
#1274=EDGE_CURVE('',#1049,#1050,#880,.T.);
#1275=EDGE_CURVE('',#1050,#1051,#459,.T.);
#1276=EDGE_CURVE('',#1051,#1052,#881,.T.);
#1277=EDGE_CURVE('',#1052,#1053,#460,.T.);
#1278=EDGE_CURVE('',#1053,#1048,#882,.T.);
#1279=EDGE_CURVE('',#1054,#1055,#461,.T.);
#1280=EDGE_CURVE('',#1055,#1056,#462,.T.);
#1281=EDGE_CURVE('',#1056,#1057,#463,.T.);
#1282=EDGE_CURVE('',#1057,#1058,#883,.T.);
#1283=EDGE_CURVE('',#1058,#1059,#464,.T.);
#1284=EDGE_CURVE('',#1059,#1054,#884,.T.);
#1285=EDGE_CURVE('',#1060,#1061,#465,.T.);
#1286=EDGE_CURVE('',#1061,#1062,#885,.T.);
#1287=EDGE_CURVE('',#1062,#1063,#466,.T.);
#1288=EDGE_CURVE('',#1063,#1064,#467,.T.);
#1289=EDGE_CURVE('',#1064,#1060,#468,.T.);
#1290=EDGE_CURVE('',#1065,#1066,#469,.T.);
#1291=EDGE_CURVE('',#1066,#1067,#886,.T.);
#1292=EDGE_CURVE('',#1067,#1068,#470,.T.);
#1293=EDGE_CURVE('',#1068,#1069,#471,.T.);
#1294=EDGE_CURVE('',#1069,#1065,#887,.T.);
#1295=EDGE_CURVE('',#1070,#1071,#472,.T.);
#1296=EDGE_CURVE('',#1071,#1072,#888,.T.);
#1297=EDGE_CURVE('',#1072,#1073,#473,.T.);
#1298=EDGE_CURVE('',#1073,#1074,#474,.T.);
#1299=EDGE_CURVE('',#1074,#1075,#475,.T.);
#1300=EDGE_CURVE('',#1075,#1070,#889,.T.);
#1301=EDGE_CURVE('',#1076,#1077,#476,.T.);
#1302=EDGE_CURVE('',#1077,#1078,#890,.T.);
#1303=EDGE_CURVE('',#1078,#1079,#477,.T.);
#1304=EDGE_CURVE('',#1079,#1080,#891,.T.);
#1305=EDGE_CURVE('',#1080,#1081,#478,.T.);
#1306=EDGE_CURVE('',#1081,#1076,#892,.T.);
#1307=EDGE_CURVE('',#1082,#1083,#479,.T.);
#1308=EDGE_CURVE('',#1083,#1084,#893,.T.);
#1309=EDGE_CURVE('',#1084,#1085,#480,.T.);
#1310=EDGE_CURVE('',#1085,#1086,#481,.T.);
#1311=EDGE_CURVE('',#1086,#1082,#482,.T.);
#1312=EDGE_CURVE('',#1087,#1088,#483,.T.);
#1313=EDGE_CURVE('',#1088,#1089,#894,.T.);
#1314=EDGE_CURVE('',#1089,#1090,#484,.T.);
#1315=EDGE_CURVE('',#1090,#1091,#895,.T.);
#1316=EDGE_CURVE('',#1091,#1092,#485,.T.);
#1317=EDGE_CURVE('',#1092,#1087,#486,.T.);
#1318=EDGE_CURVE('',#1093,#1094,#896,.T.);
#1319=EDGE_CURVE('',#1094,#1095,#487,.T.);
#1320=EDGE_CURVE('',#1095,#1096,#897,.T.);
#1321=EDGE_CURVE('',#1096,#1097,#488,.T.);
#1322=EDGE_CURVE('',#1097,#1093,#489,.T.);
#1323=EDGE_CURVE('',#1098,#1099,#490,.T.);
#1324=EDGE_CURVE('',#1099,#1100,#898,.T.);
#1325=EDGE_CURVE('',#1100,#1101,#491,.T.);
#1326=EDGE_CURVE('',#1101,#1102,#899,.T.);
#1327=EDGE_CURVE('',#1102,#1103,#492,.T.);
#1328=EDGE_CURVE('',#1103,#1098,#493,.T.);
#1329=EDGE_CURVE('',#1104,#952,#494,.T.);
#1330=EDGE_CURVE('',#951,#1105,#495,.T.);
#1331=EDGE_CURVE('',#1105,#1106,#496,.T.);
#1332=EDGE_CURVE('',#1106,#1104,#900,.T.);
#1333=EDGE_CURVE('',#1107,#962,#497,.T.);
#1334=EDGE_CURVE('',#1108,#1107,#498,.T.);
#1335=EDGE_CURVE('',#1108,#1031,#499,.T.);
#1336=EDGE_CURVE('',#1030,#1109,#500,.T.);
#1337=EDGE_CURVE('',#1110,#1109,#501,.T.);
#1338=EDGE_CURVE('',#1025,#1110,#502,.T.);
#1339=EDGE_CURVE('',#1111,#1112,#503,.T.);
#1340=EDGE_CURVE('',#1112,#1113,#504,.T.);
#1341=EDGE_CURVE('',#1113,#1114,#505,.T.);
#1342=EDGE_CURVE('',#1114,#1115,#901,.T.);
#1343=EDGE_CURVE('',#1115,#1116,#506,.T.);
#1344=EDGE_CURVE('',#1116,#1117,#507,.T.);
#1345=EDGE_CURVE('',#1117,#1118,#508,.T.);
#1346=EDGE_CURVE('',#1118,#1111,#902,.T.);
#1347=EDGE_CURVE('',#1119,#1119,#903,.T.);
#1348=EDGE_CURVE('',#1120,#1120,#904,.T.);
#1349=EDGE_CURVE('',#1120,#1119,#905,.T.);
#1350=EDGE_CURVE('',#1121,#1121,#906,.T.);
#1351=EDGE_CURVE('',#1122,#1123,#907,.T.);
#1352=EDGE_CURVE('',#1122,#1120,#509,.T.);
#1353=EDGE_CURVE('',#1123,#1122,#908,.T.);
#1354=EDGE_CURVE('',#1121,#1123,#909,.T.);
#1355=EDGE_CURVE('',#1124,#1125,#910,.T.);
#1356=EDGE_CURVE('',#1125,#1110,#510,.T.);
#1357=EDGE_CURVE('',#1109,#1126,#511,.T.);
#1358=EDGE_CURVE('',#1126,#1127,#911,.T.);
#1359=EDGE_CURVE('',#1127,#1124,#512,.T.);
#1360=EDGE_CURVE('',#1128,#1128,#912,.T.);
#1361=EDGE_CURVE('',#1129,#1129,#913,.T.);
#1362=EDGE_CURVE('',#1129,#1130,#914,.T.);
#1363=EDGE_CURVE('',#1130,#1131,#915,.T.);
#1364=EDGE_CURVE('',#1131,#1130,#916,.T.);
#1365=EDGE_CURVE('',#1131,#1132,#513,.T.);
#1366=EDGE_CURVE('',#1133,#1132,#917,.T.);
#1367=EDGE_CURVE('',#1132,#1133,#918,.T.);
#1368=EDGE_CURVE('',#1128,#1133,#919,.T.);
#1369=EDGE_CURVE('',#1134,#1108,#514,.T.);
#1370=EDGE_CURVE('',#1107,#1135,#515,.T.);
#1371=EDGE_CURVE('',#1135,#1136,#920,.T.);
#1372=EDGE_CURVE('',#1136,#1137,#516,.T.);
#1373=EDGE_CURVE('',#1137,#1138,#517,.T.);
#1374=EDGE_CURVE('',#1138,#1139,#518,.T.);
#1375=EDGE_CURVE('',#1139,#1134,#921,.T.);
#1376=EDGE_CURVE('',#1140,#1140,#922,.T.);
#1377=EDGE_CURVE('',#1141,#1141,#923,.T.);
#1378=EDGE_CURVE('',#1141,#1142,#924,.T.);
#1379=EDGE_CURVE('',#1142,#1143,#925,.T.);
#1380=EDGE_CURVE('',#1143,#1142,#926,.T.);
#1381=EDGE_CURVE('',#1143,#1144,#519,.T.);
#1382=EDGE_CURVE('',#1144,#1144,#927,.T.);
#1383=EDGE_CURVE('',#1144,#1140,#928,.T.);
#1384=EDGE_CURVE('',#1145,#1146,#520,.T.);
#1385=EDGE_CURVE('',#1146,#1147,#521,.T.);
#1386=EDGE_CURVE('',#1147,#1148,#522,.T.);
#1387=EDGE_CURVE('',#1148,#1149,#929,.T.);
#1388=EDGE_CURVE('',#1149,#1150,#523,.T.);
#1389=EDGE_CURVE('',#1150,#1145,#930,.T.);
#1390=EDGE_CURVE('',#1151,#1151,#931,.T.);
#1391=EDGE_CURVE('',#1152,#1152,#932,.T.);
#1392=EDGE_CURVE('',#1152,#1153,#933,.T.);
#1393=EDGE_CURVE('',#1153,#1154,#934,.T.);
#1394=EDGE_CURVE('',#1154,#1153,#935,.T.);
#1395=EDGE_CURVE('',#1154,#1155,#524,.T.);
#1396=EDGE_CURVE('',#1156,#1155,#936,.T.);
#1397=EDGE_CURVE('',#1155,#1156,#937,.T.);
#1398=EDGE_CURVE('',#1151,#1156,#938,.T.);
#1399=EDGE_CURVE('',#1115,#956,#525,.T.);
#1400=EDGE_CURVE('',#1116,#955,#526,.T.);
#1401=EDGE_CURVE('',#1114,#957,#527,.T.);
#1402=EDGE_CURVE('',#1113,#958,#528,.T.);
#1403=EDGE_CURVE('',#1034,#1138,#529,.T.);
#1404=EDGE_CURVE('',#1137,#959,#530,.T.);
#1405=EDGE_CURVE('',#1112,#1035,#531,.T.);
#1406=EDGE_CURVE('',#1136,#960,#532,.T.);
#1407=EDGE_CURVE('',#1135,#961,#533,.T.);
#1408=EDGE_CURVE('',#1038,#1117,#534,.T.);
#1409=EDGE_CURVE('',#1118,#1037,#535,.T.);
#1410=EDGE_CURVE('',#1111,#1036,#536,.T.);
#1411=EDGE_CURVE('',#1139,#1033,#537,.T.);
#1412=EDGE_CURVE('',#1134,#1032,#538,.T.);
#1413=EDGE_CURVE('',#1044,#1147,#539,.T.);
#1414=EDGE_CURVE('',#1146,#1039,#540,.T.);
#1415=EDGE_CURVE('',#1148,#1043,#541,.T.);
#1416=EDGE_CURVE('',#1149,#1042,#542,.T.);
#1417=EDGE_CURVE('',#1150,#1041,#543,.T.);
#1418=EDGE_CURVE('',#1145,#1040,#544,.T.);
#1419=EDGE_CURVE('',#1124,#1027,#545,.T.);
#1420=EDGE_CURVE('',#1026,#1125,#546,.T.);
#1421=EDGE_CURVE('',#1028,#1127,#547,.T.);
#1422=EDGE_CURVE('',#1029,#1126,#548,.T.);
#1423=EDGE_CURVE('',#1105,#968,#549,.T.);
#1424=EDGE_CURVE('',#1106,#967,#550,.T.);
#1425=EDGE_CURVE('',#1104,#966,#551,.T.);
#1426=EDGE_CURVE('',#1053,#971,#552,.T.);
#1427=EDGE_CURVE('',#1052,#972,#553,.T.);
#1428=EDGE_CURVE('',#1048,#970,#554,.T.);
#1429=EDGE_CURVE('',#1049,#969,#555,.T.);
#1430=EDGE_CURVE('',#1050,#974,#556,.T.);
#1431=EDGE_CURVE('',#1051,#973,#557,.T.);
#1432=EDGE_CURVE('',#1059,#977,#558,.T.);
#1433=EDGE_CURVE('',#1058,#978,#559,.T.);
#1434=EDGE_CURVE('',#1054,#976,#560,.T.);
#1435=EDGE_CURVE('',#1055,#975,#561,.T.);
#1436=EDGE_CURVE('',#1056,#980,#562,.T.);
#1437=EDGE_CURVE('',#1057,#979,#563,.T.);
#1438=EDGE_CURVE('',#1064,#983,#564,.T.);
#1439=EDGE_CURVE('',#1063,#984,#565,.T.);
#1440=EDGE_CURVE('',#1060,#982,#566,.T.);
#1441=EDGE_CURVE('',#1061,#981,#567,.T.);
#1442=EDGE_CURVE('',#1062,#985,#568,.T.);
#1443=EDGE_CURVE('',#1069,#988,#569,.T.);
#1444=EDGE_CURVE('',#1068,#989,#570,.T.);
#1445=EDGE_CURVE('',#1065,#987,#571,.T.);
#1446=EDGE_CURVE('',#1066,#986,#572,.T.);
#1447=EDGE_CURVE('',#1067,#990,#573,.T.);
#1448=EDGE_CURVE('',#1075,#993,#574,.T.);
#1449=EDGE_CURVE('',#1074,#994,#575,.T.);
#1450=EDGE_CURVE('',#1070,#992,#576,.T.);
#1451=EDGE_CURVE('',#1071,#991,#577,.T.);
#1452=EDGE_CURVE('',#1072,#996,#578,.T.);
#1453=EDGE_CURVE('',#1073,#995,#579,.T.);
#1454=EDGE_CURVE('',#1046,#965,#580,.T.);
#1455=EDGE_CURVE('',#1047,#964,#581,.T.);
#1456=EDGE_CURVE('',#1045,#963,#582,.T.);
#1457=EDGE_CURVE('',#1081,#999,#583,.T.);
#1458=EDGE_CURVE('',#1080,#1000,#584,.T.);
#1459=EDGE_CURVE('',#1076,#998,#585,.T.);
#1460=EDGE_CURVE('',#1077,#997,#586,.T.);
#1461=EDGE_CURVE('',#1078,#1002,#587,.T.);
#1462=EDGE_CURVE('',#1079,#1001,#588,.T.);
#1463=EDGE_CURVE('',#1086,#1005,#589,.T.);
#1464=EDGE_CURVE('',#1085,#1006,#590,.T.);
#1465=EDGE_CURVE('',#1082,#1004,#591,.T.);
#1466=EDGE_CURVE('',#1083,#1003,#592,.T.);
#1467=EDGE_CURVE('',#1084,#1007,#593,.T.);
#1468=EDGE_CURVE('',#1092,#1010,#594,.T.);
#1469=EDGE_CURVE('',#1091,#1011,#595,.T.);
#1470=EDGE_CURVE('',#1087,#1009,#596,.T.);
#1471=EDGE_CURVE('',#1088,#1008,#597,.T.);
#1472=EDGE_CURVE('',#1089,#1013,#598,.T.);
#1473=EDGE_CURVE('',#1090,#1012,#599,.T.);
#1474=EDGE_CURVE('',#1097,#1016,#600,.T.);
#1475=EDGE_CURVE('',#1096,#1017,#601,.T.);
#1476=EDGE_CURVE('',#1093,#1015,#602,.T.);
#1477=EDGE_CURVE('',#1094,#1014,#603,.T.);
#1478=EDGE_CURVE('',#1095,#1018,#604,.T.);
#1479=EDGE_CURVE('',#1103,#1021,#605,.T.);
#1480=EDGE_CURVE('',#1102,#1022,#606,.T.);
#1481=EDGE_CURVE('',#1098,#1020,#607,.T.);
#1482=EDGE_CURVE('',#1099,#1019,#608,.T.);
#1483=EDGE_CURVE('',#1100,#1024,#609,.T.);
#1484=EDGE_CURVE('',#1101,#1023,#610,.T.);
#1485=ORIENTED_EDGE('',*,*,#1157,.T.);
#1486=ORIENTED_EDGE('',*,*,#1158,.T.);
#1487=ORIENTED_EDGE('',*,*,#1159,.F.);
#1488=ORIENTED_EDGE('',*,*,#1160,.F.);
#1489=ORIENTED_EDGE('',*,*,#1161,.F.);
#1490=ORIENTED_EDGE('',*,*,#1162,.T.);
#1491=ORIENTED_EDGE('',*,*,#1163,.F.);
#1492=ORIENTED_EDGE('',*,*,#1164,.F.);
#1493=ORIENTED_EDGE('',*,*,#1165,.F.);
#1494=ORIENTED_EDGE('',*,*,#1166,.T.);
#1495=ORIENTED_EDGE('',*,*,#1167,.F.);
#1496=ORIENTED_EDGE('',*,*,#1168,.F.);
#1497=ORIENTED_EDGE('',*,*,#1169,.T.);
#1498=ORIENTED_EDGE('',*,*,#1170,.T.);
#1499=ORIENTED_EDGE('',*,*,#1171,.F.);
#1500=ORIENTED_EDGE('',*,*,#1172,.F.);
#1501=ORIENTED_EDGE('',*,*,#1173,.F.);
#1502=ORIENTED_EDGE('',*,*,#1166,.F.);
#1503=ORIENTED_EDGE('',*,*,#1174,.T.);
#1504=ORIENTED_EDGE('',*,*,#1164,.T.);
#1505=ORIENTED_EDGE('',*,*,#1173,.T.);
#1506=ORIENTED_EDGE('',*,*,#1163,.T.);
#1507=ORIENTED_EDGE('',*,*,#1175,.T.);
#1508=ORIENTED_EDGE('',*,*,#1176,.T.);
#1509=ORIENTED_EDGE('',*,*,#1177,.T.);
#1510=ORIENTED_EDGE('',*,*,#1178,.T.);
#1511=ORIENTED_EDGE('',*,*,#1179,.T.);
#1512=ORIENTED_EDGE('',*,*,#1180,.T.);
#1513=ORIENTED_EDGE('',*,*,#1181,.T.);
#1514=ORIENTED_EDGE('',*,*,#1182,.T.);
#1515=ORIENTED_EDGE('',*,*,#1183,.T.);
#1516=ORIENTED_EDGE('',*,*,#1167,.T.);
#1517=ORIENTED_EDGE('',*,*,#1184,.T.);
#1518=ORIENTED_EDGE('',*,*,#1185,.T.);
#1519=ORIENTED_EDGE('',*,*,#1186,.T.);
#1520=ORIENTED_EDGE('',*,*,#1187,.T.);
#1521=ORIENTED_EDGE('',*,*,#1159,.T.);
#1522=ORIENTED_EDGE('',*,*,#1188,.T.);
#1523=ORIENTED_EDGE('',*,*,#1189,.T.);
#1524=ORIENTED_EDGE('',*,*,#1190,.T.);
#1525=ORIENTED_EDGE('',*,*,#1191,.T.);
#1526=ORIENTED_EDGE('',*,*,#1171,.T.);
#1527=ORIENTED_EDGE('',*,*,#1192,.T.);
#1528=ORIENTED_EDGE('',*,*,#1193,.T.);
#1529=ORIENTED_EDGE('',*,*,#1194,.T.);
#1530=ORIENTED_EDGE('',*,*,#1195,.T.);
#1531=ORIENTED_EDGE('',*,*,#1196,.T.);
#1532=ORIENTED_EDGE('',*,*,#1197,.T.);
#1533=ORIENTED_EDGE('',*,*,#1198,.T.);
#1534=ORIENTED_EDGE('',*,*,#1199,.T.);
#1535=ORIENTED_EDGE('',*,*,#1200,.T.);
#1536=ORIENTED_EDGE('',*,*,#1201,.T.);
#1537=ORIENTED_EDGE('',*,*,#1202,.T.);
#1538=ORIENTED_EDGE('',*,*,#1203,.T.);
#1539=ORIENTED_EDGE('',*,*,#1204,.T.);
#1540=ORIENTED_EDGE('',*,*,#1205,.T.);
#1541=ORIENTED_EDGE('',*,*,#1206,.T.);
#1542=ORIENTED_EDGE('',*,*,#1207,.T.);
#1543=ORIENTED_EDGE('',*,*,#1208,.T.);
#1544=ORIENTED_EDGE('',*,*,#1209,.T.);
#1545=ORIENTED_EDGE('',*,*,#1210,.T.);
#1546=ORIENTED_EDGE('',*,*,#1211,.T.);
#1547=ORIENTED_EDGE('',*,*,#1212,.T.);
#1548=ORIENTED_EDGE('',*,*,#1213,.T.);
#1549=ORIENTED_EDGE('',*,*,#1214,.T.);
#1550=ORIENTED_EDGE('',*,*,#1215,.T.);
#1551=ORIENTED_EDGE('',*,*,#1216,.T.);
#1552=ORIENTED_EDGE('',*,*,#1217,.T.);
#1553=ORIENTED_EDGE('',*,*,#1218,.T.);
#1554=ORIENTED_EDGE('',*,*,#1219,.T.);
#1555=ORIENTED_EDGE('',*,*,#1220,.T.);
#1556=ORIENTED_EDGE('',*,*,#1221,.T.);
#1557=ORIENTED_EDGE('',*,*,#1222,.T.);
#1558=ORIENTED_EDGE('',*,*,#1223,.T.);
#1559=ORIENTED_EDGE('',*,*,#1224,.T.);
#1560=ORIENTED_EDGE('',*,*,#1225,.T.);
#1561=ORIENTED_EDGE('',*,*,#1226,.T.);
#1562=ORIENTED_EDGE('',*,*,#1227,.T.);
#1563=ORIENTED_EDGE('',*,*,#1228,.T.);
#1564=ORIENTED_EDGE('',*,*,#1229,.T.);
#1565=ORIENTED_EDGE('',*,*,#1230,.T.);
#1566=ORIENTED_EDGE('',*,*,#1231,.T.);
#1567=ORIENTED_EDGE('',*,*,#1232,.T.);
#1568=ORIENTED_EDGE('',*,*,#1233,.T.);
#1569=ORIENTED_EDGE('',*,*,#1234,.T.);
#1570=ORIENTED_EDGE('',*,*,#1235,.T.);
#1571=ORIENTED_EDGE('',*,*,#1236,.T.);
#1572=ORIENTED_EDGE('',*,*,#1237,.T.);
#1573=ORIENTED_EDGE('',*,*,#1238,.T.);
#1574=ORIENTED_EDGE('',*,*,#1239,.T.);
#1575=ORIENTED_EDGE('',*,*,#1240,.T.);
#1576=ORIENTED_EDGE('',*,*,#1241,.T.);
#1577=ORIENTED_EDGE('',*,*,#1242,.T.);
#1578=ORIENTED_EDGE('',*,*,#1243,.T.);
#1579=ORIENTED_EDGE('',*,*,#1244,.T.);
#1580=ORIENTED_EDGE('',*,*,#1245,.T.);
#1581=ORIENTED_EDGE('',*,*,#1246,.T.);
#1582=ORIENTED_EDGE('',*,*,#1247,.T.);
#1583=ORIENTED_EDGE('',*,*,#1174,.F.);
#1584=ORIENTED_EDGE('',*,*,#1165,.T.);
#1585=ORIENTED_EDGE('',*,*,#1248,.T.);
#1586=ORIENTED_EDGE('',*,*,#1249,.T.);
#1587=ORIENTED_EDGE('',*,*,#1250,.T.);
#1588=ORIENTED_EDGE('',*,*,#1251,.T.);
#1589=ORIENTED_EDGE('',*,*,#1252,.T.);
#1590=ORIENTED_EDGE('',*,*,#1253,.T.);
#1591=ORIENTED_EDGE('',*,*,#1254,.F.);
#1592=ORIENTED_EDGE('',*,*,#1255,.F.);
#1593=ORIENTED_EDGE('',*,*,#1256,.F.);
#1594=ORIENTED_EDGE('',*,*,#1257,.F.);
#1595=ORIENTED_EDGE('',*,*,#1258,.F.);
#1596=ORIENTED_EDGE('',*,*,#1259,.F.);
#1597=ORIENTED_EDGE('',*,*,#1260,.F.);
#1598=ORIENTED_EDGE('',*,*,#1261,.F.);
#1599=ORIENTED_EDGE('',*,*,#1262,.F.);
#1600=ORIENTED_EDGE('',*,*,#1263,.F.);
#1601=ORIENTED_EDGE('',*,*,#1264,.F.);
#1602=ORIENTED_EDGE('',*,*,#1265,.F.);
#1603=ORIENTED_EDGE('',*,*,#1266,.F.);
#1604=ORIENTED_EDGE('',*,*,#1267,.F.);
#1605=ORIENTED_EDGE('',*,*,#1268,.F.);
#1606=ORIENTED_EDGE('',*,*,#1161,.T.);
#1607=ORIENTED_EDGE('',*,*,#1269,.F.);
#1608=ORIENTED_EDGE('',*,*,#1157,.F.);
#1609=ORIENTED_EDGE('',*,*,#1270,.T.);
#1610=ORIENTED_EDGE('',*,*,#1271,.T.);
#1611=ORIENTED_EDGE('',*,*,#1272,.T.);
#1612=ORIENTED_EDGE('',*,*,#1273,.T.);
#1613=ORIENTED_EDGE('',*,*,#1274,.T.);
#1614=ORIENTED_EDGE('',*,*,#1275,.T.);
#1615=ORIENTED_EDGE('',*,*,#1276,.T.);
#1616=ORIENTED_EDGE('',*,*,#1277,.T.);
#1617=ORIENTED_EDGE('',*,*,#1278,.T.);
#1618=ORIENTED_EDGE('',*,*,#1279,.T.);
#1619=ORIENTED_EDGE('',*,*,#1280,.T.);
#1620=ORIENTED_EDGE('',*,*,#1281,.T.);
#1621=ORIENTED_EDGE('',*,*,#1282,.T.);
#1622=ORIENTED_EDGE('',*,*,#1283,.T.);
#1623=ORIENTED_EDGE('',*,*,#1284,.T.);
#1624=ORIENTED_EDGE('',*,*,#1285,.T.);
#1625=ORIENTED_EDGE('',*,*,#1286,.T.);
#1626=ORIENTED_EDGE('',*,*,#1287,.T.);
#1627=ORIENTED_EDGE('',*,*,#1288,.T.);
#1628=ORIENTED_EDGE('',*,*,#1289,.T.);
#1629=ORIENTED_EDGE('',*,*,#1290,.T.);
#1630=ORIENTED_EDGE('',*,*,#1291,.T.);
#1631=ORIENTED_EDGE('',*,*,#1292,.T.);
#1632=ORIENTED_EDGE('',*,*,#1293,.T.);
#1633=ORIENTED_EDGE('',*,*,#1294,.T.);
#1634=ORIENTED_EDGE('',*,*,#1295,.T.);
#1635=ORIENTED_EDGE('',*,*,#1296,.T.);
#1636=ORIENTED_EDGE('',*,*,#1297,.T.);
#1637=ORIENTED_EDGE('',*,*,#1298,.T.);
#1638=ORIENTED_EDGE('',*,*,#1299,.T.);
#1639=ORIENTED_EDGE('',*,*,#1300,.T.);
#1640=ORIENTED_EDGE('',*,*,#1301,.T.);
#1641=ORIENTED_EDGE('',*,*,#1302,.T.);
#1642=ORIENTED_EDGE('',*,*,#1303,.T.);
#1643=ORIENTED_EDGE('',*,*,#1304,.T.);
#1644=ORIENTED_EDGE('',*,*,#1305,.T.);
#1645=ORIENTED_EDGE('',*,*,#1306,.T.);
#1646=ORIENTED_EDGE('',*,*,#1307,.T.);
#1647=ORIENTED_EDGE('',*,*,#1308,.T.);
#1648=ORIENTED_EDGE('',*,*,#1309,.T.);
#1649=ORIENTED_EDGE('',*,*,#1310,.T.);
#1650=ORIENTED_EDGE('',*,*,#1311,.T.);
#1651=ORIENTED_EDGE('',*,*,#1312,.T.);
#1652=ORIENTED_EDGE('',*,*,#1313,.T.);
#1653=ORIENTED_EDGE('',*,*,#1314,.T.);
#1654=ORIENTED_EDGE('',*,*,#1315,.T.);
#1655=ORIENTED_EDGE('',*,*,#1316,.T.);
#1656=ORIENTED_EDGE('',*,*,#1317,.T.);
#1657=ORIENTED_EDGE('',*,*,#1318,.T.);
#1658=ORIENTED_EDGE('',*,*,#1319,.T.);
#1659=ORIENTED_EDGE('',*,*,#1320,.T.);
#1660=ORIENTED_EDGE('',*,*,#1321,.T.);
#1661=ORIENTED_EDGE('',*,*,#1322,.T.);
#1662=ORIENTED_EDGE('',*,*,#1323,.T.);
#1663=ORIENTED_EDGE('',*,*,#1324,.T.);
#1664=ORIENTED_EDGE('',*,*,#1325,.T.);
#1665=ORIENTED_EDGE('',*,*,#1326,.T.);
#1666=ORIENTED_EDGE('',*,*,#1327,.T.);
#1667=ORIENTED_EDGE('',*,*,#1328,.T.);
#1668=ORIENTED_EDGE('',*,*,#1329,.T.);
#1669=ORIENTED_EDGE('',*,*,#1169,.F.);
#1670=ORIENTED_EDGE('',*,*,#1330,.T.);
#1671=ORIENTED_EDGE('',*,*,#1331,.T.);
#1672=ORIENTED_EDGE('',*,*,#1332,.T.);
#1673=ORIENTED_EDGE('',*,*,#1183,.F.);
#1674=ORIENTED_EDGE('',*,*,#1333,.F.);
#1675=ORIENTED_EDGE('',*,*,#1334,.F.);
#1676=ORIENTED_EDGE('',*,*,#1335,.T.);
#1677=ORIENTED_EDGE('',*,*,#1254,.T.);
#1678=ORIENTED_EDGE('',*,*,#1336,.T.);
#1679=ORIENTED_EDGE('',*,*,#1337,.F.);
#1680=ORIENTED_EDGE('',*,*,#1338,.F.);
#1681=ORIENTED_EDGE('',*,*,#1248,.F.);
#1682=ORIENTED_EDGE('',*,*,#1168,.T.);
#1683=ORIENTED_EDGE('',*,*,#1339,.T.);
#1684=ORIENTED_EDGE('',*,*,#1340,.T.);
#1685=ORIENTED_EDGE('',*,*,#1341,.T.);
#1686=ORIENTED_EDGE('',*,*,#1342,.T.);
#1687=ORIENTED_EDGE('',*,*,#1343,.T.);
#1688=ORIENTED_EDGE('',*,*,#1344,.T.);
#1689=ORIENTED_EDGE('',*,*,#1345,.T.);
#1690=ORIENTED_EDGE('',*,*,#1346,.T.);
#1691=ORIENTED_EDGE('',*,*,#1347,.F.);
#1692=ORIENTED_EDGE('',*,*,#1348,.T.);
#1693=ORIENTED_EDGE('',*,*,#1349,.T.);
#1694=ORIENTED_EDGE('',*,*,#1347,.T.);
#1695=ORIENTED_EDGE('',*,*,#1349,.F.);
#1696=ORIENTED_EDGE('',*,*,#1350,.F.);
#1697=ORIENTED_EDGE('',*,*,#1351,.F.);
#1698=ORIENTED_EDGE('',*,*,#1352,.T.);
#1699=ORIENTED_EDGE('',*,*,#1348,.F.);
#1700=ORIENTED_EDGE('',*,*,#1352,.F.);
#1701=ORIENTED_EDGE('',*,*,#1353,.F.);
#1702=ORIENTED_EDGE('',*,*,#1350,.T.);
#1703=ORIENTED_EDGE('',*,*,#1354,.T.);
#1704=ORIENTED_EDGE('',*,*,#1353,.T.);
#1705=ORIENTED_EDGE('',*,*,#1351,.T.);
#1706=ORIENTED_EDGE('',*,*,#1354,.F.);
#1707=ORIENTED_EDGE('',*,*,#1355,.T.);
#1708=ORIENTED_EDGE('',*,*,#1356,.T.);
#1709=ORIENTED_EDGE('',*,*,#1337,.T.);
#1710=ORIENTED_EDGE('',*,*,#1357,.T.);
#1711=ORIENTED_EDGE('',*,*,#1358,.T.);
#1712=ORIENTED_EDGE('',*,*,#1359,.T.);
#1713=ORIENTED_EDGE('',*,*,#1360,.F.);
#1714=ORIENTED_EDGE('',*,*,#1361,.T.);
#1715=ORIENTED_EDGE('',*,*,#1362,.T.);
#1716=ORIENTED_EDGE('',*,*,#1363,.T.);
#1717=ORIENTED_EDGE('',*,*,#1364,.T.);
#1718=ORIENTED_EDGE('',*,*,#1362,.F.);
#1719=ORIENTED_EDGE('',*,*,#1364,.F.);
#1720=ORIENTED_EDGE('',*,*,#1365,.T.);
#1721=ORIENTED_EDGE('',*,*,#1366,.F.);
#1722=ORIENTED_EDGE('',*,*,#1367,.F.);
#1723=ORIENTED_EDGE('',*,*,#1365,.F.);
#1724=ORIENTED_EDGE('',*,*,#1363,.F.);
#1725=ORIENTED_EDGE('',*,*,#1361,.F.);
#1726=ORIENTED_EDGE('',*,*,#1360,.T.);
#1727=ORIENTED_EDGE('',*,*,#1368,.T.);
#1728=ORIENTED_EDGE('',*,*,#1366,.T.);
#1729=ORIENTED_EDGE('',*,*,#1367,.T.);
#1730=ORIENTED_EDGE('',*,*,#1368,.F.);
#1731=ORIENTED_EDGE('',*,*,#1369,.T.);
#1732=ORIENTED_EDGE('',*,*,#1334,.T.);
#1733=ORIENTED_EDGE('',*,*,#1370,.T.);
#1734=ORIENTED_EDGE('',*,*,#1371,.T.);
#1735=ORIENTED_EDGE('',*,*,#1372,.T.);
#1736=ORIENTED_EDGE('',*,*,#1373,.T.);
#1737=ORIENTED_EDGE('',*,*,#1374,.T.);
#1738=ORIENTED_EDGE('',*,*,#1375,.T.);
#1739=ORIENTED_EDGE('',*,*,#1376,.F.);
#1740=ORIENTED_EDGE('',*,*,#1377,.T.);
#1741=ORIENTED_EDGE('',*,*,#1378,.T.);
#1742=ORIENTED_EDGE('',*,*,#1379,.T.);
#1743=ORIENTED_EDGE('',*,*,#1380,.T.);
#1744=ORIENTED_EDGE('',*,*,#1378,.F.);
#1745=ORIENTED_EDGE('',*,*,#1380,.F.);
#1746=ORIENTED_EDGE('',*,*,#1381,.T.);
#1747=ORIENTED_EDGE('',*,*,#1382,.F.);
#1748=ORIENTED_EDGE('',*,*,#1381,.F.);
#1749=ORIENTED_EDGE('',*,*,#1379,.F.);
#1750=ORIENTED_EDGE('',*,*,#1377,.F.);
#1751=ORIENTED_EDGE('',*,*,#1382,.T.);
#1752=ORIENTED_EDGE('',*,*,#1383,.T.);
#1753=ORIENTED_EDGE('',*,*,#1376,.T.);
#1754=ORIENTED_EDGE('',*,*,#1383,.F.);
#1755=ORIENTED_EDGE('',*,*,#1384,.T.);
#1756=ORIENTED_EDGE('',*,*,#1385,.T.);
#1757=ORIENTED_EDGE('',*,*,#1386,.T.);
#1758=ORIENTED_EDGE('',*,*,#1387,.T.);
#1759=ORIENTED_EDGE('',*,*,#1388,.T.);
#1760=ORIENTED_EDGE('',*,*,#1389,.T.);
#1761=ORIENTED_EDGE('',*,*,#1390,.F.);
#1762=ORIENTED_EDGE('',*,*,#1391,.T.);
#1763=ORIENTED_EDGE('',*,*,#1392,.T.);
#1764=ORIENTED_EDGE('',*,*,#1393,.T.);
#1765=ORIENTED_EDGE('',*,*,#1394,.T.);
#1766=ORIENTED_EDGE('',*,*,#1392,.F.);
#1767=ORIENTED_EDGE('',*,*,#1394,.F.);
#1768=ORIENTED_EDGE('',*,*,#1395,.T.);
#1769=ORIENTED_EDGE('',*,*,#1396,.F.);
#1770=ORIENTED_EDGE('',*,*,#1397,.F.);
#1771=ORIENTED_EDGE('',*,*,#1395,.F.);
#1772=ORIENTED_EDGE('',*,*,#1393,.F.);
#1773=ORIENTED_EDGE('',*,*,#1391,.F.);
#1774=ORIENTED_EDGE('',*,*,#1390,.T.);
#1775=ORIENTED_EDGE('',*,*,#1398,.T.);
#1776=ORIENTED_EDGE('',*,*,#1396,.T.);
#1777=ORIENTED_EDGE('',*,*,#1397,.T.);
#1778=ORIENTED_EDGE('',*,*,#1398,.F.);
#1779=ORIENTED_EDGE('',*,*,#1399,.T.);
#1780=ORIENTED_EDGE('',*,*,#1176,.F.);
#1781=ORIENTED_EDGE('',*,*,#1400,.F.);
#1782=ORIENTED_EDGE('',*,*,#1343,.F.);
#1783=ORIENTED_EDGE('',*,*,#1401,.T.);
#1784=ORIENTED_EDGE('',*,*,#1177,.F.);
#1785=ORIENTED_EDGE('',*,*,#1399,.F.);
#1786=ORIENTED_EDGE('',*,*,#1342,.F.);
#1787=ORIENTED_EDGE('',*,*,#1402,.T.);
#1788=ORIENTED_EDGE('',*,*,#1178,.F.);
#1789=ORIENTED_EDGE('',*,*,#1401,.F.);
#1790=ORIENTED_EDGE('',*,*,#1341,.F.);
#1791=ORIENTED_EDGE('',*,*,#1403,.T.);
#1792=ORIENTED_EDGE('',*,*,#1373,.F.);
#1793=ORIENTED_EDGE('',*,*,#1404,.T.);
#1794=ORIENTED_EDGE('',*,*,#1179,.F.);
#1795=ORIENTED_EDGE('',*,*,#1402,.F.);
#1796=ORIENTED_EDGE('',*,*,#1340,.F.);
#1797=ORIENTED_EDGE('',*,*,#1405,.T.);
#1798=ORIENTED_EDGE('',*,*,#1258,.T.);
#1799=ORIENTED_EDGE('',*,*,#1406,.T.);
#1800=ORIENTED_EDGE('',*,*,#1180,.F.);
#1801=ORIENTED_EDGE('',*,*,#1404,.F.);
#1802=ORIENTED_EDGE('',*,*,#1372,.F.);
#1803=ORIENTED_EDGE('',*,*,#1407,.T.);
#1804=ORIENTED_EDGE('',*,*,#1181,.F.);
#1805=ORIENTED_EDGE('',*,*,#1406,.F.);
#1806=ORIENTED_EDGE('',*,*,#1371,.F.);
#1807=ORIENTED_EDGE('',*,*,#1333,.T.);
#1808=ORIENTED_EDGE('',*,*,#1182,.F.);
#1809=ORIENTED_EDGE('',*,*,#1407,.F.);
#1810=ORIENTED_EDGE('',*,*,#1370,.F.);
#1811=ORIENTED_EDGE('',*,*,#1408,.F.);
#1812=ORIENTED_EDGE('',*,*,#1261,.T.);
#1813=ORIENTED_EDGE('',*,*,#1409,.F.);
#1814=ORIENTED_EDGE('',*,*,#1345,.F.);
#1815=ORIENTED_EDGE('',*,*,#1409,.T.);
#1816=ORIENTED_EDGE('',*,*,#1260,.T.);
#1817=ORIENTED_EDGE('',*,*,#1410,.F.);
#1818=ORIENTED_EDGE('',*,*,#1346,.F.);
#1819=ORIENTED_EDGE('',*,*,#1410,.T.);
#1820=ORIENTED_EDGE('',*,*,#1259,.T.);
#1821=ORIENTED_EDGE('',*,*,#1405,.F.);
#1822=ORIENTED_EDGE('',*,*,#1339,.F.);
#1823=ORIENTED_EDGE('',*,*,#1403,.F.);
#1824=ORIENTED_EDGE('',*,*,#1257,.T.);
#1825=ORIENTED_EDGE('',*,*,#1411,.F.);
#1826=ORIENTED_EDGE('',*,*,#1374,.F.);
#1827=ORIENTED_EDGE('',*,*,#1411,.T.);
#1828=ORIENTED_EDGE('',*,*,#1256,.T.);
#1829=ORIENTED_EDGE('',*,*,#1412,.F.);
#1830=ORIENTED_EDGE('',*,*,#1375,.F.);
#1831=ORIENTED_EDGE('',*,*,#1412,.T.);
#1832=ORIENTED_EDGE('',*,*,#1255,.T.);
#1833=ORIENTED_EDGE('',*,*,#1335,.F.);
#1834=ORIENTED_EDGE('',*,*,#1369,.F.);
#1835=ORIENTED_EDGE('',*,*,#1268,.T.);
#1836=ORIENTED_EDGE('',*,*,#1413,.T.);
#1837=ORIENTED_EDGE('',*,*,#1385,.F.);
#1838=ORIENTED_EDGE('',*,*,#1414,.T.);
#1839=ORIENTED_EDGE('',*,*,#1262,.T.);
#1840=ORIENTED_EDGE('',*,*,#1408,.T.);
#1841=ORIENTED_EDGE('',*,*,#1344,.F.);
#1842=ORIENTED_EDGE('',*,*,#1400,.T.);
#1843=ORIENTED_EDGE('',*,*,#1175,.F.);
#1844=ORIENTED_EDGE('',*,*,#1162,.F.);
#1845=ORIENTED_EDGE('',*,*,#1413,.F.);
#1846=ORIENTED_EDGE('',*,*,#1267,.T.);
#1847=ORIENTED_EDGE('',*,*,#1415,.F.);
#1848=ORIENTED_EDGE('',*,*,#1386,.F.);
#1849=ORIENTED_EDGE('',*,*,#1415,.T.);
#1850=ORIENTED_EDGE('',*,*,#1266,.T.);
#1851=ORIENTED_EDGE('',*,*,#1416,.F.);
#1852=ORIENTED_EDGE('',*,*,#1387,.F.);
#1853=ORIENTED_EDGE('',*,*,#1416,.T.);
#1854=ORIENTED_EDGE('',*,*,#1265,.T.);
#1855=ORIENTED_EDGE('',*,*,#1417,.F.);
#1856=ORIENTED_EDGE('',*,*,#1388,.F.);
#1857=ORIENTED_EDGE('',*,*,#1417,.T.);
#1858=ORIENTED_EDGE('',*,*,#1264,.T.);
#1859=ORIENTED_EDGE('',*,*,#1418,.F.);
#1860=ORIENTED_EDGE('',*,*,#1389,.F.);
#1861=ORIENTED_EDGE('',*,*,#1418,.T.);
#1862=ORIENTED_EDGE('',*,*,#1263,.T.);
#1863=ORIENTED_EDGE('',*,*,#1414,.F.);
#1864=ORIENTED_EDGE('',*,*,#1384,.F.);
#1865=ORIENTED_EDGE('',*,*,#1419,.T.);
#1866=ORIENTED_EDGE('',*,*,#1250,.F.);
#1867=ORIENTED_EDGE('',*,*,#1420,.T.);
#1868=ORIENTED_EDGE('',*,*,#1355,.F.);
#1869=ORIENTED_EDGE('',*,*,#1421,.F.);
#1870=ORIENTED_EDGE('',*,*,#1251,.F.);
#1871=ORIENTED_EDGE('',*,*,#1419,.F.);
#1872=ORIENTED_EDGE('',*,*,#1359,.F.);
#1873=ORIENTED_EDGE('',*,*,#1422,.F.);
#1874=ORIENTED_EDGE('',*,*,#1252,.F.);
#1875=ORIENTED_EDGE('',*,*,#1421,.T.);
#1876=ORIENTED_EDGE('',*,*,#1358,.F.);
#1877=ORIENTED_EDGE('',*,*,#1336,.F.);
#1878=ORIENTED_EDGE('',*,*,#1253,.F.);
#1879=ORIENTED_EDGE('',*,*,#1422,.T.);
#1880=ORIENTED_EDGE('',*,*,#1357,.F.);
#1881=ORIENTED_EDGE('',*,*,#1420,.F.);
#1882=ORIENTED_EDGE('',*,*,#1249,.F.);
#1883=ORIENTED_EDGE('',*,*,#1338,.T.);
#1884=ORIENTED_EDGE('',*,*,#1356,.F.);
#1885=ORIENTED_EDGE('',*,*,#1191,.F.);
#1886=ORIENTED_EDGE('',*,*,#1423,.F.);
#1887=ORIENTED_EDGE('',*,*,#1330,.F.);
#1888=ORIENTED_EDGE('',*,*,#1172,.T.);
#1889=ORIENTED_EDGE('',*,*,#1190,.F.);
#1890=ORIENTED_EDGE('',*,*,#1424,.F.);
#1891=ORIENTED_EDGE('',*,*,#1331,.F.);
#1892=ORIENTED_EDGE('',*,*,#1423,.T.);
#1893=ORIENTED_EDGE('',*,*,#1189,.F.);
#1894=ORIENTED_EDGE('',*,*,#1425,.F.);
#1895=ORIENTED_EDGE('',*,*,#1332,.F.);
#1896=ORIENTED_EDGE('',*,*,#1424,.T.);
#1897=ORIENTED_EDGE('',*,*,#1188,.F.);
#1898=ORIENTED_EDGE('',*,*,#1170,.F.);
#1899=ORIENTED_EDGE('',*,*,#1329,.F.);
#1900=ORIENTED_EDGE('',*,*,#1425,.T.);
#1901=ORIENTED_EDGE('',*,*,#1194,.F.);
#1902=ORIENTED_EDGE('',*,*,#1426,.F.);
#1903=ORIENTED_EDGE('',*,*,#1277,.F.);
#1904=ORIENTED_EDGE('',*,*,#1427,.T.);
#1905=ORIENTED_EDGE('',*,*,#1193,.F.);
#1906=ORIENTED_EDGE('',*,*,#1428,.F.);
#1907=ORIENTED_EDGE('',*,*,#1278,.F.);
#1908=ORIENTED_EDGE('',*,*,#1426,.T.);
#1909=ORIENTED_EDGE('',*,*,#1192,.F.);
#1910=ORIENTED_EDGE('',*,*,#1429,.F.);
#1911=ORIENTED_EDGE('',*,*,#1273,.F.);
#1912=ORIENTED_EDGE('',*,*,#1428,.T.);
#1913=ORIENTED_EDGE('',*,*,#1197,.F.);
#1914=ORIENTED_EDGE('',*,*,#1430,.F.);
#1915=ORIENTED_EDGE('',*,*,#1274,.F.);
#1916=ORIENTED_EDGE('',*,*,#1429,.T.);
#1917=ORIENTED_EDGE('',*,*,#1196,.F.);
#1918=ORIENTED_EDGE('',*,*,#1431,.F.);
#1919=ORIENTED_EDGE('',*,*,#1275,.F.);
#1920=ORIENTED_EDGE('',*,*,#1430,.T.);
#1921=ORIENTED_EDGE('',*,*,#1195,.F.);
#1922=ORIENTED_EDGE('',*,*,#1427,.F.);
#1923=ORIENTED_EDGE('',*,*,#1276,.F.);
#1924=ORIENTED_EDGE('',*,*,#1431,.T.);
#1925=ORIENTED_EDGE('',*,*,#1200,.F.);
#1926=ORIENTED_EDGE('',*,*,#1432,.F.);
#1927=ORIENTED_EDGE('',*,*,#1283,.F.);
#1928=ORIENTED_EDGE('',*,*,#1433,.T.);
#1929=ORIENTED_EDGE('',*,*,#1199,.F.);
#1930=ORIENTED_EDGE('',*,*,#1434,.F.);
#1931=ORIENTED_EDGE('',*,*,#1284,.F.);
#1932=ORIENTED_EDGE('',*,*,#1432,.T.);
#1933=ORIENTED_EDGE('',*,*,#1198,.F.);
#1934=ORIENTED_EDGE('',*,*,#1435,.F.);
#1935=ORIENTED_EDGE('',*,*,#1279,.F.);
#1936=ORIENTED_EDGE('',*,*,#1434,.T.);
#1937=ORIENTED_EDGE('',*,*,#1203,.F.);
#1938=ORIENTED_EDGE('',*,*,#1436,.F.);
#1939=ORIENTED_EDGE('',*,*,#1280,.F.);
#1940=ORIENTED_EDGE('',*,*,#1435,.T.);
#1941=ORIENTED_EDGE('',*,*,#1202,.F.);
#1942=ORIENTED_EDGE('',*,*,#1437,.F.);
#1943=ORIENTED_EDGE('',*,*,#1281,.F.);
#1944=ORIENTED_EDGE('',*,*,#1436,.T.);
#1945=ORIENTED_EDGE('',*,*,#1201,.F.);
#1946=ORIENTED_EDGE('',*,*,#1433,.F.);
#1947=ORIENTED_EDGE('',*,*,#1282,.F.);
#1948=ORIENTED_EDGE('',*,*,#1437,.T.);
#1949=ORIENTED_EDGE('',*,*,#1206,.F.);
#1950=ORIENTED_EDGE('',*,*,#1438,.F.);
#1951=ORIENTED_EDGE('',*,*,#1288,.F.);
#1952=ORIENTED_EDGE('',*,*,#1439,.T.);
#1953=ORIENTED_EDGE('',*,*,#1205,.F.);
#1954=ORIENTED_EDGE('',*,*,#1440,.F.);
#1955=ORIENTED_EDGE('',*,*,#1289,.F.);
#1956=ORIENTED_EDGE('',*,*,#1438,.T.);
#1957=ORIENTED_EDGE('',*,*,#1204,.F.);
#1958=ORIENTED_EDGE('',*,*,#1441,.F.);
#1959=ORIENTED_EDGE('',*,*,#1285,.F.);
#1960=ORIENTED_EDGE('',*,*,#1440,.T.);
#1961=ORIENTED_EDGE('',*,*,#1208,.F.);
#1962=ORIENTED_EDGE('',*,*,#1442,.F.);
#1963=ORIENTED_EDGE('',*,*,#1286,.F.);
#1964=ORIENTED_EDGE('',*,*,#1441,.T.);
#1965=ORIENTED_EDGE('',*,*,#1207,.F.);
#1966=ORIENTED_EDGE('',*,*,#1439,.F.);
#1967=ORIENTED_EDGE('',*,*,#1287,.F.);
#1968=ORIENTED_EDGE('',*,*,#1442,.T.);
#1969=ORIENTED_EDGE('',*,*,#1211,.F.);
#1970=ORIENTED_EDGE('',*,*,#1443,.F.);
#1971=ORIENTED_EDGE('',*,*,#1293,.F.);
#1972=ORIENTED_EDGE('',*,*,#1444,.T.);
#1973=ORIENTED_EDGE('',*,*,#1210,.F.);
#1974=ORIENTED_EDGE('',*,*,#1445,.F.);
#1975=ORIENTED_EDGE('',*,*,#1294,.F.);
#1976=ORIENTED_EDGE('',*,*,#1443,.T.);
#1977=ORIENTED_EDGE('',*,*,#1209,.F.);
#1978=ORIENTED_EDGE('',*,*,#1446,.F.);
#1979=ORIENTED_EDGE('',*,*,#1290,.F.);
#1980=ORIENTED_EDGE('',*,*,#1445,.T.);
#1981=ORIENTED_EDGE('',*,*,#1213,.F.);
#1982=ORIENTED_EDGE('',*,*,#1447,.F.);
#1983=ORIENTED_EDGE('',*,*,#1291,.F.);
#1984=ORIENTED_EDGE('',*,*,#1446,.T.);
#1985=ORIENTED_EDGE('',*,*,#1212,.F.);
#1986=ORIENTED_EDGE('',*,*,#1444,.F.);
#1987=ORIENTED_EDGE('',*,*,#1292,.F.);
#1988=ORIENTED_EDGE('',*,*,#1447,.T.);
#1989=ORIENTED_EDGE('',*,*,#1216,.F.);
#1990=ORIENTED_EDGE('',*,*,#1448,.F.);
#1991=ORIENTED_EDGE('',*,*,#1299,.F.);
#1992=ORIENTED_EDGE('',*,*,#1449,.T.);
#1993=ORIENTED_EDGE('',*,*,#1215,.F.);
#1994=ORIENTED_EDGE('',*,*,#1450,.F.);
#1995=ORIENTED_EDGE('',*,*,#1300,.F.);
#1996=ORIENTED_EDGE('',*,*,#1448,.T.);
#1997=ORIENTED_EDGE('',*,*,#1214,.F.);
#1998=ORIENTED_EDGE('',*,*,#1451,.F.);
#1999=ORIENTED_EDGE('',*,*,#1295,.F.);
#2000=ORIENTED_EDGE('',*,*,#1450,.T.);
#2001=ORIENTED_EDGE('',*,*,#1219,.F.);
#2002=ORIENTED_EDGE('',*,*,#1452,.F.);
#2003=ORIENTED_EDGE('',*,*,#1296,.F.);
#2004=ORIENTED_EDGE('',*,*,#1451,.T.);
#2005=ORIENTED_EDGE('',*,*,#1218,.F.);
#2006=ORIENTED_EDGE('',*,*,#1453,.F.);
#2007=ORIENTED_EDGE('',*,*,#1297,.F.);
#2008=ORIENTED_EDGE('',*,*,#1452,.T.);
#2009=ORIENTED_EDGE('',*,*,#1217,.F.);
#2010=ORIENTED_EDGE('',*,*,#1449,.F.);
#2011=ORIENTED_EDGE('',*,*,#1298,.F.);
#2012=ORIENTED_EDGE('',*,*,#1453,.T.);
#2013=ORIENTED_EDGE('',*,*,#1187,.F.);
#2014=ORIENTED_EDGE('',*,*,#1454,.F.);
#2015=ORIENTED_EDGE('',*,*,#1270,.F.);
#2016=ORIENTED_EDGE('',*,*,#1160,.T.);
#2017=ORIENTED_EDGE('',*,*,#1186,.F.);
#2018=ORIENTED_EDGE('',*,*,#1455,.F.);
#2019=ORIENTED_EDGE('',*,*,#1271,.F.);
#2020=ORIENTED_EDGE('',*,*,#1454,.T.);
#2021=ORIENTED_EDGE('',*,*,#1185,.F.);
#2022=ORIENTED_EDGE('',*,*,#1456,.F.);
#2023=ORIENTED_EDGE('',*,*,#1272,.F.);
#2024=ORIENTED_EDGE('',*,*,#1455,.T.);
#2025=ORIENTED_EDGE('',*,*,#1184,.F.);
#2026=ORIENTED_EDGE('',*,*,#1158,.F.);
#2027=ORIENTED_EDGE('',*,*,#1269,.T.);
#2028=ORIENTED_EDGE('',*,*,#1456,.T.);
#2029=ORIENTED_EDGE('',*,*,#1222,.F.);
#2030=ORIENTED_EDGE('',*,*,#1457,.F.);
#2031=ORIENTED_EDGE('',*,*,#1305,.F.);
#2032=ORIENTED_EDGE('',*,*,#1458,.T.);
#2033=ORIENTED_EDGE('',*,*,#1221,.F.);
#2034=ORIENTED_EDGE('',*,*,#1459,.F.);
#2035=ORIENTED_EDGE('',*,*,#1306,.F.);
#2036=ORIENTED_EDGE('',*,*,#1457,.T.);
#2037=ORIENTED_EDGE('',*,*,#1220,.F.);
#2038=ORIENTED_EDGE('',*,*,#1460,.F.);
#2039=ORIENTED_EDGE('',*,*,#1301,.F.);
#2040=ORIENTED_EDGE('',*,*,#1459,.T.);
#2041=ORIENTED_EDGE('',*,*,#1225,.F.);
#2042=ORIENTED_EDGE('',*,*,#1461,.F.);
#2043=ORIENTED_EDGE('',*,*,#1302,.F.);
#2044=ORIENTED_EDGE('',*,*,#1460,.T.);
#2045=ORIENTED_EDGE('',*,*,#1224,.F.);
#2046=ORIENTED_EDGE('',*,*,#1462,.F.);
#2047=ORIENTED_EDGE('',*,*,#1303,.F.);
#2048=ORIENTED_EDGE('',*,*,#1461,.T.);
#2049=ORIENTED_EDGE('',*,*,#1223,.F.);
#2050=ORIENTED_EDGE('',*,*,#1458,.F.);
#2051=ORIENTED_EDGE('',*,*,#1304,.F.);
#2052=ORIENTED_EDGE('',*,*,#1462,.T.);
#2053=ORIENTED_EDGE('',*,*,#1228,.F.);
#2054=ORIENTED_EDGE('',*,*,#1463,.F.);
#2055=ORIENTED_EDGE('',*,*,#1310,.F.);
#2056=ORIENTED_EDGE('',*,*,#1464,.T.);
#2057=ORIENTED_EDGE('',*,*,#1227,.F.);
#2058=ORIENTED_EDGE('',*,*,#1465,.F.);
#2059=ORIENTED_EDGE('',*,*,#1311,.F.);
#2060=ORIENTED_EDGE('',*,*,#1463,.T.);
#2061=ORIENTED_EDGE('',*,*,#1226,.F.);
#2062=ORIENTED_EDGE('',*,*,#1466,.F.);
#2063=ORIENTED_EDGE('',*,*,#1307,.F.);
#2064=ORIENTED_EDGE('',*,*,#1465,.T.);
#2065=ORIENTED_EDGE('',*,*,#1230,.F.);
#2066=ORIENTED_EDGE('',*,*,#1467,.F.);
#2067=ORIENTED_EDGE('',*,*,#1308,.F.);
#2068=ORIENTED_EDGE('',*,*,#1466,.T.);
#2069=ORIENTED_EDGE('',*,*,#1229,.F.);
#2070=ORIENTED_EDGE('',*,*,#1464,.F.);
#2071=ORIENTED_EDGE('',*,*,#1309,.F.);
#2072=ORIENTED_EDGE('',*,*,#1467,.T.);
#2073=ORIENTED_EDGE('',*,*,#1233,.F.);
#2074=ORIENTED_EDGE('',*,*,#1468,.F.);
#2075=ORIENTED_EDGE('',*,*,#1316,.F.);
#2076=ORIENTED_EDGE('',*,*,#1469,.T.);
#2077=ORIENTED_EDGE('',*,*,#1232,.F.);
#2078=ORIENTED_EDGE('',*,*,#1470,.F.);
#2079=ORIENTED_EDGE('',*,*,#1317,.F.);
#2080=ORIENTED_EDGE('',*,*,#1468,.T.);
#2081=ORIENTED_EDGE('',*,*,#1231,.F.);
#2082=ORIENTED_EDGE('',*,*,#1471,.F.);
#2083=ORIENTED_EDGE('',*,*,#1312,.F.);
#2084=ORIENTED_EDGE('',*,*,#1470,.T.);
#2085=ORIENTED_EDGE('',*,*,#1236,.F.);
#2086=ORIENTED_EDGE('',*,*,#1472,.F.);
#2087=ORIENTED_EDGE('',*,*,#1313,.F.);
#2088=ORIENTED_EDGE('',*,*,#1471,.T.);
#2089=ORIENTED_EDGE('',*,*,#1235,.F.);
#2090=ORIENTED_EDGE('',*,*,#1473,.F.);
#2091=ORIENTED_EDGE('',*,*,#1314,.F.);
#2092=ORIENTED_EDGE('',*,*,#1472,.T.);
#2093=ORIENTED_EDGE('',*,*,#1234,.F.);
#2094=ORIENTED_EDGE('',*,*,#1469,.F.);
#2095=ORIENTED_EDGE('',*,*,#1315,.F.);
#2096=ORIENTED_EDGE('',*,*,#1473,.T.);
#2097=ORIENTED_EDGE('',*,*,#1239,.F.);
#2098=ORIENTED_EDGE('',*,*,#1474,.F.);
#2099=ORIENTED_EDGE('',*,*,#1321,.F.);
#2100=ORIENTED_EDGE('',*,*,#1475,.T.);
#2101=ORIENTED_EDGE('',*,*,#1238,.F.);
#2102=ORIENTED_EDGE('',*,*,#1476,.F.);
#2103=ORIENTED_EDGE('',*,*,#1322,.F.);
#2104=ORIENTED_EDGE('',*,*,#1474,.T.);
#2105=ORIENTED_EDGE('',*,*,#1237,.F.);
#2106=ORIENTED_EDGE('',*,*,#1477,.F.);
#2107=ORIENTED_EDGE('',*,*,#1318,.F.);
#2108=ORIENTED_EDGE('',*,*,#1476,.T.);
#2109=ORIENTED_EDGE('',*,*,#1241,.F.);
#2110=ORIENTED_EDGE('',*,*,#1478,.F.);
#2111=ORIENTED_EDGE('',*,*,#1319,.F.);
#2112=ORIENTED_EDGE('',*,*,#1477,.T.);
#2113=ORIENTED_EDGE('',*,*,#1240,.F.);
#2114=ORIENTED_EDGE('',*,*,#1475,.F.);
#2115=ORIENTED_EDGE('',*,*,#1320,.F.);
#2116=ORIENTED_EDGE('',*,*,#1478,.T.);
#2117=ORIENTED_EDGE('',*,*,#1244,.F.);
#2118=ORIENTED_EDGE('',*,*,#1479,.F.);
#2119=ORIENTED_EDGE('',*,*,#1327,.F.);
#2120=ORIENTED_EDGE('',*,*,#1480,.T.);
#2121=ORIENTED_EDGE('',*,*,#1243,.F.);
#2122=ORIENTED_EDGE('',*,*,#1481,.F.);
#2123=ORIENTED_EDGE('',*,*,#1328,.F.);
#2124=ORIENTED_EDGE('',*,*,#1479,.T.);
#2125=ORIENTED_EDGE('',*,*,#1242,.F.);
#2126=ORIENTED_EDGE('',*,*,#1482,.F.);
#2127=ORIENTED_EDGE('',*,*,#1323,.F.);
#2128=ORIENTED_EDGE('',*,*,#1481,.T.);
#2129=ORIENTED_EDGE('',*,*,#1247,.F.);
#2130=ORIENTED_EDGE('',*,*,#1483,.F.);
#2131=ORIENTED_EDGE('',*,*,#1324,.F.);
#2132=ORIENTED_EDGE('',*,*,#1482,.T.);
#2133=ORIENTED_EDGE('',*,*,#1246,.F.);
#2134=ORIENTED_EDGE('',*,*,#1484,.F.);
#2135=ORIENTED_EDGE('',*,*,#1325,.F.);
#2136=ORIENTED_EDGE('',*,*,#1483,.T.);
#2137=ORIENTED_EDGE('',*,*,#1245,.F.);
#2138=ORIENTED_EDGE('',*,*,#1480,.F.);
#2139=ORIENTED_EDGE('',*,*,#1326,.F.);
#2140=ORIENTED_EDGE('',*,*,#1484,.T.);
#2141=CYLINDRICAL_SURFACE('',#2309,2.00000000000001);
#2142=CYLINDRICAL_SURFACE('',#2312,2.00000000000001);
#2143=CYLINDRICAL_SURFACE('',#2315,2.00000000000001);
#2144=CYLINDRICAL_SURFACE('',#2318,2.00000000000001);
#2145=CYLINDRICAL_SURFACE('',#2386,1.);
#2146=CYLINDRICAL_SURFACE('',#2400,1.);
#2147=CYLINDRICAL_SURFACE('',#2415,1.);
#2148=CYLINDRICAL_SURFACE('',#2429,1.);
#2149=CYLINDRICAL_SURFACE('',#2436,2.00255313155108);
#2150=CYLINDRICAL_SURFACE('',#2440,2.00255313155507);
#2151=CYLINDRICAL_SURFACE('',#2443,2.);
#2152=CYLINDRICAL_SURFACE('',#2446,2.00000000000001);
#2153=CYLINDRICAL_SURFACE('',#2450,2.);
#2154=CYLINDRICAL_SURFACE('',#2452,2.);
#2155=CYLINDRICAL_SURFACE('',#2454,2.);
#2156=CYLINDRICAL_SURFACE('',#2456,2.);
#2157=CYLINDRICAL_SURFACE('',#2461,5.00000000000001);
#2158=CYLINDRICAL_SURFACE('',#2464,2.);
#2159=CYLINDRICAL_SURFACE('',#2466,2.);
#2160=CYLINDRICAL_SURFACE('',#2468,1.);
#2161=CYLINDRICAL_SURFACE('',#2470,2.);
#2162=CYLINDRICAL_SURFACE('',#2474,5.);
#2163=CYLINDRICAL_SURFACE('',#2478,0.999999999999999);
#2164=CYLINDRICAL_SURFACE('',#2481,5.);
#2165=CYLINDRICAL_SURFACE('',#2483,2.);
#2166=CYLINDRICAL_SURFACE('',#2486,2.00000000000001);
#2167=CYLINDRICAL_SURFACE('',#2488,2.);
#2168=CYLINDRICAL_SURFACE('',#2492,5.);
#2169=CYLINDRICAL_SURFACE('',#2496,2.00000000000001);
#2170=CYLINDRICAL_SURFACE('',#2498,2.);
#2171=CYLINDRICAL_SURFACE('',#2500,1.);
#2172=CYLINDRICAL_SURFACE('',#2504,1.);
#2173=CYLINDRICAL_SURFACE('',#2509,2.);
#2174=CYLINDRICAL_SURFACE('',#2511,5.00000000000001);
#2175=CYLINDRICAL_SURFACE('',#2514,2.);
#2176=CYLINDRICAL_SURFACE('',#2516,5.);
#2177=CYLINDRICAL_SURFACE('',#2520,2.);
#2178=CYLINDRICAL_SURFACE('',#2522,2.00000000000001);
#2179=ADVANCED_FACE('',(#121),#2141,.F.);
#2180=ADVANCED_FACE('',(#122),#2142,.T.);
#2181=ADVANCED_FACE('',(#123),#2143,.T.);
#2182=ADVANCED_FACE('',(#124),#2144,.F.);
#2183=ADVANCED_FACE('',(#125),#51,.T.);
#2184=ADVANCED_FACE('',(#126,#23,#24,#25,#26,#27,#28,#29,#30,#31,#32,#33,
#34),#52,.T.);
#2185=ADVANCED_FACE('',(#127,#35,#36,#37,#38,#39,#40,#41,#42,#43,#44,#45,
#46),#53,.T.);
#2186=ADVANCED_FACE('',(#128),#54,.T.);
#2187=ADVANCED_FACE('',(#129,#47),#55,.F.);
#2188=ADVANCED_FACE('',(#130),#15,.F.);
#2189=ADVANCED_FACE('',(#131),#56,.T.);
#2190=ADVANCED_FACE('',(#132),#2145,.T.);
#2191=ADVANCED_FACE('',(#133),#16,.T.);
#2192=ADVANCED_FACE('',(#134,#48),#57,.T.);
#2193=ADVANCED_FACE('',(#135),#17,.T.);
#2194=ADVANCED_FACE('',(#136),#2146,.T.);
#2195=ADVANCED_FACE('',(#137),#58,.T.);
#2196=ADVANCED_FACE('',(#138),#18,.F.);
#2197=ADVANCED_FACE('',(#139,#49),#59,.F.);
#2198=ADVANCED_FACE('',(#140),#19,.T.);
#2199=ADVANCED_FACE('',(#141),#2147,.T.);
#2200=ADVANCED_FACE('',(#142),#60,.T.);
#2201=ADVANCED_FACE('',(#143),#20,.F.);
#2202=ADVANCED_FACE('',(#144,#50),#61,.T.);
#2203=ADVANCED_FACE('',(#145),#21,.T.);
#2204=ADVANCED_FACE('',(#146),#2148,.T.);
#2205=ADVANCED_FACE('',(#147),#62,.T.);
#2206=ADVANCED_FACE('',(#148),#22,.F.);
#2207=ADVANCED_FACE('',(#149),#63,.T.);
#2208=ADVANCED_FACE('',(#150),#2149,.T.);
#2209=ADVANCED_FACE('',(#151),#64,.T.);
#2210=ADVANCED_FACE('',(#152),#65,.T.);
#2211=ADVANCED_FACE('',(#153),#66,.T.);
#2212=ADVANCED_FACE('',(#154),#2150,.T.);
#2213=ADVANCED_FACE('',(#155),#67,.T.);
#2214=ADVANCED_FACE('',(#156),#68,.F.);
#2215=ADVANCED_FACE('',(#157),#2151,.T.);
#2216=ADVANCED_FACE('',(#158),#69,.F.);
#2217=ADVANCED_FACE('',(#159),#70,.F.);
#2218=ADVANCED_FACE('',(#160),#2152,.T.);
#2219=ADVANCED_FACE('',(#161),#71,.F.);
#2220=ADVANCED_FACE('',(#162),#72,.T.);
#2221=ADVANCED_FACE('',(#163),#73,.F.);
#2222=ADVANCED_FACE('',(#164),#2153,.T.);
#2223=ADVANCED_FACE('',(#165),#74,.F.);
#2224=ADVANCED_FACE('',(#166),#2154,.T.);
#2225=ADVANCED_FACE('',(#167),#75,.F.);
#2226=ADVANCED_FACE('',(#168),#2155,.T.);
#2227=ADVANCED_FACE('',(#169),#76,.T.);
#2228=ADVANCED_FACE('',(#170),#2156,.T.);
#2229=ADVANCED_FACE('',(#171),#77,.T.);
#2230=ADVANCED_FACE('',(#172),#78,.T.);
#2231=ADVANCED_FACE('',(#173),#79,.F.);
#2232=ADVANCED_FACE('',(#174),#80,.F.);
#2233=ADVANCED_FACE('',(#175),#2157,.T.);
#2234=ADVANCED_FACE('',(#176),#81,.F.);
#2235=ADVANCED_FACE('',(#177),#82,.F.);
#2236=ADVANCED_FACE('',(#178),#2158,.F.);
#2237=ADVANCED_FACE('',(#179),#83,.F.);
#2238=ADVANCED_FACE('',(#180),#2159,.F.);
#2239=ADVANCED_FACE('',(#181),#84,.F.);
#2240=ADVANCED_FACE('',(#182),#2160,.F.);
#2241=ADVANCED_FACE('',(#183),#85,.F.);
#2242=ADVANCED_FACE('',(#184),#2161,.F.);
#2243=ADVANCED_FACE('',(#185),#86,.F.);
#2244=ADVANCED_FACE('',(#186),#87,.F.);
#2245=ADVANCED_FACE('',(#187),#88,.F.);
#2246=ADVANCED_FACE('',(#188),#2162,.T.);
#2247=ADVANCED_FACE('',(#189),#89,.F.);
#2248=ADVANCED_FACE('',(#190),#90,.F.);
#2249=ADVANCED_FACE('',(#191),#91,.F.);
#2250=ADVANCED_FACE('',(#192),#2163,.F.);
#2251=ADVANCED_FACE('',(#193),#92,.F.);
#2252=ADVANCED_FACE('',(#194),#93,.F.);
#2253=ADVANCED_FACE('',(#195),#2164,.T.);
#2254=ADVANCED_FACE('',(#196),#94,.F.);
#2255=ADVANCED_FACE('',(#197),#2165,.F.);
#2256=ADVANCED_FACE('',(#198),#95,.F.);
#2257=ADVANCED_FACE('',(#199),#96,.F.);
#2258=ADVANCED_FACE('',(#200),#2166,.F.);
#2259=ADVANCED_FACE('',(#201),#97,.F.);
#2260=ADVANCED_FACE('',(#202),#2167,.F.);
#2261=ADVANCED_FACE('',(#203),#98,.F.);
#2262=ADVANCED_FACE('',(#204),#99,.F.);
#2263=ADVANCED_FACE('',(#205),#100,.F.);
#2264=ADVANCED_FACE('',(#206),#2168,.T.);
#2265=ADVANCED_FACE('',(#207),#101,.F.);
#2266=ADVANCED_FACE('',(#208),#102,.F.);
#2267=ADVANCED_FACE('',(#209),#103,.F.);
#2268=ADVANCED_FACE('',(#210),#2169,.F.);
#2269=ADVANCED_FACE('',(#211),#104,.F.);
#2270=ADVANCED_FACE('',(#212),#2170,.F.);
#2271=ADVANCED_FACE('',(#213),#105,.F.);
#2272=ADVANCED_FACE('',(#214),#2171,.F.);
#2273=ADVANCED_FACE('',(#215),#106,.F.);
#2274=ADVANCED_FACE('',(#216),#107,.F.);
#2275=ADVANCED_FACE('',(#217),#108,.F.);
#2276=ADVANCED_FACE('',(#218),#2172,.F.);
#2277=ADVANCED_FACE('',(#219),#109,.F.);
#2278=ADVANCED_FACE('',(#220),#110,.F.);
#2279=ADVANCED_FACE('',(#221),#111,.F.);
#2280=ADVANCED_FACE('',(#222),#112,.F.);
#2281=ADVANCED_FACE('',(#223),#2173,.F.);
#2282=ADVANCED_FACE('',(#224),#113,.F.);
#2283=ADVANCED_FACE('',(#225),#2174,.T.);
#2284=ADVANCED_FACE('',(#226),#114,.F.);
#2285=ADVANCED_FACE('',(#227),#115,.F.);
#2286=ADVANCED_FACE('',(#228),#2175,.F.);
#2287=ADVANCED_FACE('',(#229),#116,.F.);
#2288=ADVANCED_FACE('',(#230),#2176,.T.);
#2289=ADVANCED_FACE('',(#231),#117,.F.);
#2290=ADVANCED_FACE('',(#232),#118,.F.);
#2291=ADVANCED_FACE('',(#233),#119,.F.);
#2292=ADVANCED_FACE('',(#234),#2177,.F.);
#2293=ADVANCED_FACE('',(#235),#120,.F.);
#2294=ADVANCED_FACE('',(#236),#2178,.F.);
#2295=CLOSED_SHELL('',(#2179,#2180,#2181,#2182,#2183,#2184,#2185,#2186,
#2187,#2188,#2189,#2190,#2191,#2192,#2193,#2194,#2195,#2196,#2197,#2198,
#2199,#2200,#2201,#2202,#2203,#2204,#2205,#2206,#2207,#2208,#2209,#2210,
#2211,#2212,#2213,#2214,#2215,#2216,#2217,#2218,#2219,#2220,#2221,#2222,
#2223,#2224,#2225,#2226,#2227,#2228,#2229,#2230,#2231,#2232,#2233,#2234,
#2235,#2236,#2237,#2238,#2239,#2240,#2241,#2242,#2243,#2244,#2245,#2246,
#2247,#2248,#2249,#2250,#2251,#2252,#2253,#2254,#2255,#2256,#2257,#2258,
#2259,#2260,#2261,#2262,#2263,#2264,#2265,#2266,#2267,#2268,#2269,#2270,
#2271,#2272,#2273,#2274,#2275,#2276,#2277,#2278,#2279,#2280,#2281,#2282,
#2283,#2284,#2285,#2286,#2287,#2288,#2289,#2290,#2291,#2292,#2293,#2294));
#2296=DERIVED_UNIT_ELEMENT(#2298,1.);
#2297=DERIVED_UNIT_ELEMENT(#3851,-3.);
#2298=(
MASS_UNIT()
NAMED_UNIT(*)
SI_UNIT(.KILO.,.GRAM.)
);
#2299=DERIVED_UNIT((#2296,#2297));
#2300=MEASURE_REPRESENTATION_ITEM('density measure',
POSITIVE_RATIO_MEASURE(7850.),#2299);
#2301=PROPERTY_DEFINITION_REPRESENTATION(#2306,#2303);
#2302=PROPERTY_DEFINITION_REPRESENTATION(#2307,#2304);
#2303=REPRESENTATION('material name',(#2305),#3848);
#2304=REPRESENTATION('density',(#2300),#3848);
#2305=DESCRIPTIVE_REPRESENTATION_ITEM('Acero','Acero');
#2306=PROPERTY_DEFINITION('material property','material name',#3858);
#2307=PROPERTY_DEFINITION('material property','density of part',#3858);
#2308=AXIS2_PLACEMENT_3D('',#3183,#2523,#2524);
#2309=AXIS2_PLACEMENT_3D('',#3184,#2525,#2526);
#2310=AXIS2_PLACEMENT_3D('',#3187,#2527,#2528);
#2311=AXIS2_PLACEMENT_3D('',#3191,#2530,#2531);
#2312=AXIS2_PLACEMENT_3D('',#3193,#2533,#2534);
#2313=AXIS2_PLACEMENT_3D('',#3196,#2535,#2536);
#2314=AXIS2_PLACEMENT_3D('',#3200,#2538,#2539);
#2315=AXIS2_PLACEMENT_3D('',#3202,#2541,#2542);
#2316=AXIS2_PLACEMENT_3D('',#3205,#2543,#2544);
#2317=AXIS2_PLACEMENT_3D('',#3209,#2546,#2547);
#2318=AXIS2_PLACEMENT_3D('',#3211,#2549,#2550);
#2319=AXIS2_PLACEMENT_3D('',#3214,#2551,#2552);
#2320=AXIS2_PLACEMENT_3D('',#3218,#2554,#2555);
#2321=AXIS2_PLACEMENT_3D('',#3220,#2557,#2558);
#2322=AXIS2_PLACEMENT_3D('',#3223,#2561,#2562);
#2323=AXIS2_PLACEMENT_3D('',#3229,#2565,#2566);
#2324=AXIS2_PLACEMENT_3D('',#3237,#2570,#2571);
#2325=AXIS2_PLACEMENT_3D('',#3246,#2576,#2577);
#2326=AXIS2_PLACEMENT_3D('',#3251,#2580,#2581);
#2327=AXIS2_PLACEMENT_3D('',#3259,#2585,#2586);
#2328=AXIS2_PLACEMENT_3D('',#3263,#2588,#2589);
#2329=AXIS2_PLACEMENT_3D('',#3266,#2591,#2592);
#2330=AXIS2_PLACEMENT_3D('',#3271,#2594,#2595);
#2331=AXIS2_PLACEMENT_3D('',#3275,#2597,#2598);
#2332=AXIS2_PLACEMENT_3D('',#3288,#2605,#2606);
#2333=AXIS2_PLACEMENT_3D('',#3293,#2608,#2609);
#2334=AXIS2_PLACEMENT_3D('',#3298,#2612,#2613);
#2335=AXIS2_PLACEMENT_3D('',#3303,#2615,#2616);
#2336=AXIS2_PLACEMENT_3D('',#3310,#2620,#2621);
#2337=AXIS2_PLACEMENT_3D('',#3315,#2623,#2624);
#2338=AXIS2_PLACEMENT_3D('',#3319,#2626,#2627);
#2339=AXIS2_PLACEMENT_3D('',#3322,#2629,#2630);
#2340=AXIS2_PLACEMENT_3D('',#3332,#2635,#2636);
#2341=AXIS2_PLACEMENT_3D('',#3341,#2640,#2641);
#2342=AXIS2_PLACEMENT_3D('',#3344,#2643,#2644);
#2343=AXIS2_PLACEMENT_3D('',#3347,#2645,#2646);
#2344=AXIS2_PLACEMENT_3D('',#3353,#2649,#2650);
#2345=AXIS2_PLACEMENT_3D('',#3363,#2655,#2656);
#2346=AXIS2_PLACEMENT_3D('',#3366,#2658,#2659);
#2347=AXIS2_PLACEMENT_3D('',#3367,#2660,#2661);
#2348=AXIS2_PLACEMENT_3D('',#3373,#2664,#2665);
#2349=AXIS2_PLACEMENT_3D('',#3377,#2667,#2668);
#2350=AXIS2_PLACEMENT_3D('',#3385,#2672,#2673);
#2351=AXIS2_PLACEMENT_3D('',#3393,#2677,#2678);
#2352=AXIS2_PLACEMENT_3D('',#3401,#2682,#2683);
#2353=AXIS2_PLACEMENT_3D('',#3405,#2685,#2686);
#2354=AXIS2_PLACEMENT_3D('',#3414,#2691,#2692);
#2355=AXIS2_PLACEMENT_3D('',#3420,#2695,#2696);
#2356=AXIS2_PLACEMENT_3D('',#3424,#2698,#2699);
#2357=AXIS2_PLACEMENT_3D('',#3427,#2701,#2702);
#2358=AXIS2_PLACEMENT_3D('',#3436,#2706,#2707);
#2359=AXIS2_PLACEMENT_3D('',#3439,#2709,#2710);
#2360=AXIS2_PLACEMENT_3D('',#3444,#2712,#2713);
#2361=AXIS2_PLACEMENT_3D('',#3454,#2718,#2719);
#2362=AXIS2_PLACEMENT_3D('',#3459,#2722,#2723);
#2363=AXIS2_PLACEMENT_3D('',#3464,#2725,#2726);
#2364=AXIS2_PLACEMENT_3D('',#3471,#2730,#2731);
#2365=AXIS2_PLACEMENT_3D('',#3476,#2733,#2734);
#2366=AXIS2_PLACEMENT_3D('',#3480,#2736,#2737);
#2367=AXIS2_PLACEMENT_3D('',#3483,#2739,#2740);
#2368=AXIS2_PLACEMENT_3D('',#3488,#2742,#2743);
#2369=AXIS2_PLACEMENT_3D('',#3498,#2748,#2749);
#2370=AXIS2_PLACEMENT_3D('',#3502,#2751,#2752);
#2371=AXIS2_PLACEMENT_3D('',#3508,#2755,#2756);
#2372=AXIS2_PLACEMENT_3D('',#3512,#2758,#2759);
#2373=AXIS2_PLACEMENT_3D('',#3520,#2763,#2764);
#2374=AXIS2_PLACEMENT_3D('',#3524,#2766,#2767);
#2375=AXIS2_PLACEMENT_3D('',#3534,#2773,#2774);
#2376=AXIS2_PLACEMENT_3D('',#3535,#2775,#2776);
#2377=AXIS2_PLACEMENT_3D('',#3546,#2783,#2784);
#2378=AXIS2_PLACEMENT_3D('',#3555,#2788,#2789);
#2379=AXIS2_PLACEMENT_3D('',#3562,#2793,#2794);
#2380=AXIS2_PLACEMENT_3D('',#3564,#2795,#2796);
#2381=AXIS2_PLACEMENT_3D('',#3565,#2797,#2798);
#2382=AXIS2_PLACEMENT_3D('',#3567,#2799,#2800);
#2383=AXIS2_PLACEMENT_3D('',#3568,#2801,#2802);
#2384=AXIS2_PLACEMENT_3D('',#3569,#2803,#2804);
#2385=AXIS2_PLACEMENT_3D('',#3571,#2805,#2806);
#2386=AXIS2_PLACEMENT_3D('',#3572,#2807,#2808);
#2387=AXIS2_PLACEMENT_3D('',#3575,#2809,#2810);
#2388=AXIS2_PLACEMENT_3D('',#3577,#2812,#2813);
#2389=AXIS2_PLACEMENT_3D('',#3578,#2814,#2815);
#2390=AXIS2_PLACEMENT_3D('',#3579,#2816,#2817);
#2391=AXIS2_PLACEMENT_3D('',#3580,#2818,#2819);
#2392=AXIS2_PLACEMENT_3D('',#3583,#2820,#2821);
#2393=AXIS2_PLACEMENT_3D('',#3588,#2824,#2825);
#2394=AXIS2_PLACEMENT_3D('',#3591,#2827,#2828);
#2395=AXIS2_PLACEMENT_3D('',#3592,#2829,#2830);
#2396=AXIS2_PLACEMENT_3D('',#3594,#2831,#2832);
#2397=AXIS2_PLACEMENT_3D('',#3596,#2833,#2834);
#2398=AXIS2_PLACEMENT_3D('',#3598,#2835,#2836);
#2399=AXIS2_PLACEMENT_3D('',#3599,#2837,#2838);
#2400=AXIS2_PLACEMENT_3D('',#3600,#2839,#2840);
#2401=AXIS2_PLACEMENT_3D('',#3604,#2842,#2843);
#2402=AXIS2_PLACEMENT_3D('',#3605,#2844,#2845);
#2403=AXIS2_PLACEMENT_3D('',#3606,#2846,#2847);
#2404=AXIS2_PLACEMENT_3D('',#3607,#2848,#2849);
#2405=AXIS2_PLACEMENT_3D('',#3608,#2850,#2851);
#2406=AXIS2_PLACEMENT_3D('',#3609,#2852,#2853);
#2407=AXIS2_PLACEMENT_3D('',#3615,#2856,#2857);
#2408=AXIS2_PLACEMENT_3D('',#3622,#2861,#2862);
#2409=AXIS2_PLACEMENT_3D('',#3624,#2863,#2864);
#2410=AXIS2_PLACEMENT_3D('',#3625,#2865,#2866);
#2411=AXIS2_PLACEMENT_3D('',#3627,#2867,#2868);
#2412=AXIS2_PLACEMENT_3D('',#3629,#2869,#2870);
#2413=AXIS2_PLACEMENT_3D('',#3631,#2871,#2872);
#2414=AXIS2_PLACEMENT_3D('',#3632,#2873,#2874);
#2415=AXIS2_PLACEMENT_3D('',#3633,#2875,#2876);
#2416=AXIS2_PLACEMENT_3D('',#3636,#2878,#2879);
#2417=AXIS2_PLACEMENT_3D('',#3637,#2880,#2881);
#2418=AXIS2_PLACEMENT_3D('',#3638,#2882,#2883);
#2419=AXIS2_PLACEMENT_3D('',#3639,#2884,#2885);
#2420=AXIS2_PLACEMENT_3D('',#3640,#2886,#2887);
#2421=AXIS2_PLACEMENT_3D('',#3649,#2891,#2892);
#2422=AXIS2_PLACEMENT_3D('',#3652,#2894,#2895);
#2423=AXIS2_PLACEMENT_3D('',#3654,#2896,#2897);
#2424=AXIS2_PLACEMENT_3D('',#3655,#2898,#2899);
#2425=AXIS2_PLACEMENT_3D('',#3657,#2900,#2901);
#2426=AXIS2_PLACEMENT_3D('',#3659,#2902,#2903);
#2427=AXIS2_PLACEMENT_3D('',#3661,#2904,#2905);
#2428=AXIS2_PLACEMENT_3D('',#3662,#2906,#2907);
#2429=AXIS2_PLACEMENT_3D('',#3663,#2908,#2909);
#2430=AXIS2_PLACEMENT_3D('',#3667,#2911,#2912);
#2431=AXIS2_PLACEMENT_3D('',#3668,#2913,#2914);
#2432=AXIS2_PLACEMENT_3D('',#3669,#2915,#2916);
#2433=AXIS2_PLACEMENT_3D('',#3670,#2917,#2918);
#2434=AXIS2_PLACEMENT_3D('',#3671,#2919,#2920);
#2435=AXIS2_PLACEMENT_3D('',#3672,#2921,#2922);
#2436=AXIS2_PLACEMENT_3D('',#3675,#2925,#2926);
#2437=AXIS2_PLACEMENT_3D('',#3677,#2928,#2929);
#2438=AXIS2_PLACEMENT_3D('',#3679,#2931,#2932);
#2439=AXIS2_PLACEMENT_3D('',#3683,#2936,#2937);
#2440=AXIS2_PLACEMENT_3D('',#3685,#2939,#2940);
#2441=AXIS2_PLACEMENT_3D('',#3687,#2942,#2943);
#2442=AXIS2_PLACEMENT_3D('',#3688,#2944,#2945);
#2443=AXIS2_PLACEMENT_3D('',#3691,#2948,#2949);
#2444=AXIS2_PLACEMENT_3D('',#3693,#2951,#2952);
#2445=AXIS2_PLACEMENT_3D('',#3694,#2953,#2954);
#2446=AXIS2_PLACEMENT_3D('',#3696,#2956,#2957);
#2447=AXIS2_PLACEMENT_3D('',#3698,#2959,#2960);
#2448=AXIS2_PLACEMENT_3D('',#3699,#2961,#2962);
#2449=AXIS2_PLACEMENT_3D('',#3702,#2965,#2966);
#2450=AXIS2_PLACEMENT_3D('',#3704,#2968,#2969);
#2451=AXIS2_PLACEMENT_3D('',#3706,#2971,#2972);
#2452=AXIS2_PLACEMENT_3D('',#3708,#2974,#2975);
#2453=AXIS2_PLACEMENT_3D('',#3710,#2977,#2978);
#2454=AXIS2_PLACEMENT_3D('',#3711,#2979,#2980);
#2455=AXIS2_PLACEMENT_3D('',#3714,#2983,#2984);
#2456=AXIS2_PLACEMENT_3D('',#3716,#2986,#2987);
#2457=AXIS2_PLACEMENT_3D('',#3718,#2989,#2990);
#2458=AXIS2_PLACEMENT_3D('',#3719,#2991,#2992);
#2459=AXIS2_PLACEMENT_3D('',#3720,#2993,#2994);
#2460=AXIS2_PLACEMENT_3D('',#3722,#2996,#2997);
#2461=AXIS2_PLACEMENT_3D('',#3724,#2999,#3000);
#2462=AXIS2_PLACEMENT_3D('',#3726,#3002,#3003);
#2463=AXIS2_PLACEMENT_3D('',#3727,#3004,#3005);
#2464=AXIS2_PLACEMENT_3D('',#3730,#3008,#3009);
#2465=AXIS2_PLACEMENT_3D('',#3732,#3011,#3012);
#2466=AXIS2_PLACEMENT_3D('',#3734,#3014,#3015);
#2467=AXIS2_PLACEMENT_3D('',#3736,#3017,#3018);
#2468=AXIS2_PLACEMENT_3D('',#3738,#3020,#3021);
#2469=AXIS2_PLACEMENT_3D('',#3739,#3022,#3023);
#2470=AXIS2_PLACEMENT_3D('',#3742,#3026,#3027);
#2471=AXIS2_PLACEMENT_3D('',#3744,#3029,#3030);
#2472=AXIS2_PLACEMENT_3D('',#3746,#3032,#3033);
#2473=AXIS2_PLACEMENT_3D('',#3748,#3035,#3036);
#2474=AXIS2_PLACEMENT_3D('',#3750,#3038,#3039);
#2475=AXIS2_PLACEMENT_3D('',#3751,#3040,#3041);
#2476=AXIS2_PLACEMENT_3D('',#3754,#3044,#3045);
#2477=AXIS2_PLACEMENT_3D('',#3756,#3047,#3048);
#2478=AXIS2_PLACEMENT_3D('',#3758,#3050,#3051);
#2479=AXIS2_PLACEMENT_3D('',#3760,#3053,#3054);
#2480=AXIS2_PLACEMENT_3D('',#3761,#3055,#3056);
#2481=AXIS2_PLACEMENT_3D('',#3764,#3059,#3060);
#2482=AXIS2_PLACEMENT_3D('',#3766,#3062,#3063);
#2483=AXIS2_PLACEMENT_3D('',#3768,#3065,#3066);
#2484=AXIS2_PLACEMENT_3D('',#3770,#3068,#3069);
#2485=AXIS2_PLACEMENT_3D('',#3771,#3070,#3071);
#2486=AXIS2_PLACEMENT_3D('',#3774,#3074,#3075);
#2487=AXIS2_PLACEMENT_3D('',#3776,#3077,#3078);
#2488=AXIS2_PLACEMENT_3D('',#3778,#3080,#3081);
#2489=AXIS2_PLACEMENT_3D('',#3780,#3083,#3084);
#2490=AXIS2_PLACEMENT_3D('',#3782,#3086,#3087);
#2491=AXIS2_PLACEMENT_3D('',#3783,#3088,#3089);
#2492=AXIS2_PLACEMENT_3D('',#3785,#3091,#3092);
#2493=AXIS2_PLACEMENT_3D('',#3787,#3094,#3095);
#2494=AXIS2_PLACEMENT_3D('',#3789,#3097,#3098);
#2495=AXIS2_PLACEMENT_3D('',#3790,#3099,#3100);
#2496=AXIS2_PLACEMENT_3D('',#3793,#3103,#3104);
#2497=AXIS2_PLACEMENT_3D('',#3795,#3106,#3107);
#2498=AXIS2_PLACEMENT_3D('',#3797,#3109,#3110);
#2499=AXIS2_PLACEMENT_3D('',#3799,#3112,#3113);
#2500=AXIS2_PLACEMENT_3D('',#3801,#3115,#3116);
#2501=AXIS2_PLACEMENT_3D('',#3802,#3117,#3118);
#2502=AXIS2_PLACEMENT_3D('',#3805,#3121,#3122);
#2503=AXIS2_PLACEMENT_3D('',#3807,#3124,#3125);
#2504=AXIS2_PLACEMENT_3D('',#3809,#3127,#3128);
#2505=AXIS2_PLACEMENT_3D('',#3811,#3130,#3131);
#2506=AXIS2_PLACEMENT_3D('',#3812,#3132,#3133);
#2507=AXIS2_PLACEMENT_3D('',#3815,#3136,#3137);
#2508=AXIS2_PLACEMENT_3D('',#3817,#3139,#3140);
#2509=AXIS2_PLACEMENT_3D('',#3819,#3142,#3143);
#2510=AXIS2_PLACEMENT_3D('',#3821,#3145,#3146);
#2511=AXIS2_PLACEMENT_3D('',#3823,#3148,#3149);
#2512=AXIS2_PLACEMENT_3D('',#3824,#3150,#3151);
#2513=AXIS2_PLACEMENT_3D('',#3827,#3154,#3155);
#2514=AXIS2_PLACEMENT_3D('',#3829,#3157,#3158);
#2515=AXIS2_PLACEMENT_3D('',#3831,#3160,#3161);
#2516=AXIS2_PLACEMENT_3D('',#3833,#3163,#3164);
#2517=AXIS2_PLACEMENT_3D('',#3834,#3165,#3166);
#2518=AXIS2_PLACEMENT_3D('',#3837,#3169,#3170);
#2519=AXIS2_PLACEMENT_3D('',#3839,#3172,#3173);
#2520=AXIS2_PLACEMENT_3D('',#3841,#3175,#3176);
#2521=AXIS2_PLACEMENT_3D('',#3843,#3178,#3179);
#2522=AXIS2_PLACEMENT_3D('',#3845,#3181,#3182);
#2523=DIRECTION('axis',(0.,0.,1.));
#2524=DIRECTION('refdir',(1.,0.,0.));
#2525=DIRECTION('center_axis',(0.,0.,-1.));
#2526=DIRECTION('ref_axis',(1.,8.8817841970012E-15,0.));
#2527=DIRECTION('center_axis',(0.,0.,1.));
#2528=DIRECTION('ref_axis',(1.,8.8817841970012E-15,0.));
#2529=DIRECTION('',(0.,0.,-1.));
#2530=DIRECTION('center_axis',(0.,0.,1.));
#2531=DIRECTION('ref_axis',(1.,8.8817841970012E-15,0.));
#2532=DIRECTION('',(0.,0.,-1.));
#2533=DIRECTION('center_axis',(0.,0.,-1.));
#2534=DIRECTION('ref_axis',(1.,4.4408920985006E-15,0.));
#2535=DIRECTION('center_axis',(0.,0.,1.));
#2536=DIRECTION('ref_axis',(1.,4.4408920985006E-15,0.));
#2537=DIRECTION('',(0.,0.,-1.));
#2538=DIRECTION('center_axis',(0.,0.,-1.));
#2539=DIRECTION('ref_axis',(1.,4.4408920985006E-15,0.));
#2540=DIRECTION('',(0.,0.,-1.));
#2541=DIRECTION('center_axis',(0.,0.,-1.));
#2542=DIRECTION('ref_axis',(-4.4408920985006E-15,1.,0.));
#2543=DIRECTION('center_axis',(0.,0.,1.));
#2544=DIRECTION('ref_axis',(-4.4408920985006E-15,1.,0.));
#2545=DIRECTION('',(0.,0.,-1.));
#2546=DIRECTION('center_axis',(0.,0.,-1.));
#2547=DIRECTION('ref_axis',(-4.4408920985006E-15,1.,0.));
#2548=DIRECTION('',(0.,0.,-1.));
#2549=DIRECTION('center_axis',(0.,0.,-1.));
#2550=DIRECTION('ref_axis',(-6.6613381477509E-15,1.,0.));
#2551=DIRECTION('center_axis',(0.,0.,1.));
#2552=DIRECTION('ref_axis',(-6.6613381477509E-15,1.,0.));
#2553=DIRECTION('',(0.,0.,-1.));
#2554=DIRECTION('center_axis',(0.,0.,1.));
#2555=DIRECTION('ref_axis',(-6.6613381477509E-15,1.,0.));
#2556=DIRECTION('',(0.,0.,-1.));
#2557=DIRECTION('center_axis',(0.,1.,0.));
#2558=DIRECTION('ref_axis',(1.,0.,0.));
#2559=DIRECTION('',(1.,0.,0.));
#2560=DIRECTION('',(1.,0.,0.));
#2561=DIRECTION('center_axis',(0.,0.,-1.));
#2562=DIRECTION('ref_axis',(1.,0.,0.));
#2563=DIRECTION('',(0.,-1.,0.));
#2564=DIRECTION('',(-0.0178326823274222,-0.999840985077632,0.));
#2565=DIRECTION('center_axis',(0.,0.,-1.));
#2566=DIRECTION('ref_axis',(0.997452136243134,-0.071338880731395,0.));
#2567=DIRECTION('',(-0.999840985077036,-0.0178326823608341,0.));
#2568=DIRECTION('',(-1.,0.,0.));
#2569=DIRECTION('',(-0.999840985077632,0.0178326823273906,0.));
#2570=DIRECTION('center_axis',(0.,0.,-1.));
#2571=DIRECTION('ref_axis',(-0.0713388807312505,-0.997452136243144,0.));
#2572=DIRECTION('',(-0.0178326823628249,0.999840985077,0.));
#2573=DIRECTION('',(0.,1.,0.));
#2574=DIRECTION('',(-1.,0.,0.));
#2575=DIRECTION('',(0.58671869138302,-0.809790823102977,0.));
#2576=DIRECTION('center_axis',(0.,0.,-1.));
#2577=DIRECTION('ref_axis',(-1.77635683940025E-15,1.,0.));
#2578=DIRECTION('',(0.,1.,0.));
#2579=DIRECTION('',(3.38000380920158E-15,-1.,0.));
#2580=DIRECTION('center_axis',(0.,0.,-1.));
#2581=DIRECTION('ref_axis',(1.,-8.88178419700124E-16,0.));
#2582=DIRECTION('',(0.58671869138302,0.809790823102977,0.));
#2583=DIRECTION('',(-1.,0.,0.));
#2584=DIRECTION('',(-1.,0.,0.));
#2585=DIRECTION('center_axis',(0.,0.,1.));
#2586=DIRECTION('ref_axis',(0.,1.,0.));
#2587=DIRECTION('',(0.58671869138302,-0.809790823102977,0.));
#2588=DIRECTION('center_axis',(0.,0.,1.));
#2589=DIRECTION('ref_axis',(-0.809790823102976,-0.586718691383021,0.));
#2590=DIRECTION('',(4.83063813689524E-9,1.,0.));
#2591=DIRECTION('center_axis',(0.,0.,1.));
#2592=DIRECTION('ref_axis',(1.,-4.83063811174133E-9,0.));
#2593=DIRECTION('',(-1.,-1.69393423509944E-16,0.));
#2594=DIRECTION('center_axis',(0.,0.,1.));
#2595=DIRECTION('ref_axis',(-5.55111512312578E-16,1.,0.));
#2596=DIRECTION('',(0.58671869138302,-0.809790823102977,0.));
#2597=DIRECTION('center_axis',(0.,0.,-1.));
#2598=DIRECTION('ref_axis',(8.88178419700124E-16,1.,0.));
#2599=DIRECTION('',(1.,0.,0.));
#2600=DIRECTION('',(0.,1.,0.));
#2601=DIRECTION('',(-0.58671869138302,-0.809790823102976,0.));
#2602=DIRECTION('',(0.,-1.,0.));
#2603=DIRECTION('',(1.,-1.04246291240624E-16,0.));
#2604=DIRECTION('',(4.83063816158688E-9,1.,0.));
#2605=DIRECTION('center_axis',(0.,0.,1.));
#2606=DIRECTION('ref_axis',(1.,-4.83064033218739E-9,0.));
#2607=DIRECTION('',(-0.58671869138302,0.809790823102977,0.));
#2608=DIRECTION('center_axis',(0.,0.,-1.));
#2609=DIRECTION('ref_axis',(8.88178419700124E-16,-1.,0.));
#2610=DIRECTION('',(0.,-1.,0.));
#2611=DIRECTION('',(1.,7.05805931291436E-17,0.));
#2612=DIRECTION('center_axis',(0.,0.,1.));
#2613=DIRECTION('ref_axis',(-1.11022302462516E-15,-1.,0.));
#2614=DIRECTION('',(1.,-6.23482156421367E-16,0.));
#2615=DIRECTION('center_axis',(0.,0.,1.));
#2616=DIRECTION('ref_axis',(2.77555756156288E-15,-1.,0.));
#2617=DIRECTION('',(4.83063821918319E-9,1.,0.));
#2618=DIRECTION('',(-1.,0.,0.));
#2619=DIRECTION('',(-0.586718691383019,-0.809790823102977,0.));
#2620=DIRECTION('center_axis',(0.,0.,1.));
#2621=DIRECTION('ref_axis',(-0.809790823102978,0.586718691383018,0.));
#2622=DIRECTION('',(-1.,3.11741074088101E-16,0.));
#2623=DIRECTION('center_axis',(0.,0.,1.));
#2624=DIRECTION('ref_axis',(-2.77555756156288E-15,1.,0.));
#2625=DIRECTION('',(-4.83063834554659E-9,-1.,0.));
#2626=DIRECTION('center_axis',(0.,0.,1.));
#2627=DIRECTION('ref_axis',(-1.,4.83063922196435E-9,0.));
#2628=DIRECTION('',(0.58671869138302,0.809790823102977,0.));
#2629=DIRECTION('center_axis',(0.,0.,1.));
#2630=DIRECTION('ref_axis',(0.809790823102978,-0.586718691383018,0.));
#2631=DIRECTION('',(-4.83063824056043E-9,-1.,0.));
#2632=DIRECTION('',(1.,-1.04246291240624E-16,0.));
#2633=DIRECTION('',(-1.48029736616688E-15,1.,0.));
#2634=DIRECTION('',(-0.58671869138302,0.809790823102977,0.));
#2635=DIRECTION('center_axis',(0.,0.,1.));
#2636=DIRECTION('ref_axis',(0.809790823102976,0.586718691383021,0.));
#2637=DIRECTION('',(-1.,4.23483558774861E-17,0.));
#2638=DIRECTION('',(0.,-1.,0.));
#2639=DIRECTION('',(1.,0.,0.));
#2640=DIRECTION('center_axis',(0.,0.,-1.));
#2641=DIRECTION('ref_axis',(1.,8.88178419700124E-16,0.));
#2642=DIRECTION('',(0.586718691383021,0.809790823102976,0.));
#2643=DIRECTION('center_axis',(0.,0.,1.));
#2644=DIRECTION('ref_axis',(0.809790823102976,-0.586718691383021,0.));
#2645=DIRECTION('center_axis',(0.,0.,1.));
#2646=DIRECTION('ref_axis',(-0.809790823102977,0.586718691383019,0.));
#2647=DIRECTION('',(1.,2.25857898013259E-16,0.));
#2648=DIRECTION('',(0.,1.,0.));
#2649=DIRECTION('center_axis',(0.,0.,-1.));
#2650=DIRECTION('ref_axis',(-1.,-8.88178419700125E-16,0.));
#2651=DIRECTION('',(-0.58671869138302,-0.809790823102977,0.));
#2652=DIRECTION('',(-0.58671869138302,0.809790823102977,0.));
#2653=DIRECTION('',(-1.,0.,0.));
#2654=DIRECTION('',(-4.83063801634521E-9,-1.,0.));
#2655=DIRECTION('center_axis',(0.,0.,1.));
#2656=DIRECTION('ref_axis',(-1.,4.83063367084921E-9,0.));
#2657=DIRECTION('',(1.,0.,0.));
#2658=DIRECTION('center_axis',(0.,0.,1.));
#2659=DIRECTION('ref_axis',(0.,-1.,0.));
#2660=DIRECTION('center_axis',(0.,0.,1.));
#2661=DIRECTION('ref_axis',(-1.,0.,0.));
#2662=DIRECTION('',(0.,-1.,0.));
#2663=DIRECTION('',(1.,-1.48029736616687E-15,0.));
#2664=DIRECTION('center_axis',(0.,0.,-1.));
#2665=DIRECTION('ref_axis',(1.,-4.44089209850062E-15,0.));
#2666=DIRECTION('',(0.,-1.,0.));
#2667=DIRECTION('center_axis',(0.,0.,-1.));
#2668=DIRECTION('ref_axis',(-2.22044604925032E-15,-1.,0.));
#2669=DIRECTION('',(-1.,0.,0.));
#2670=DIRECTION('',(0.,1.,0.));
#2671=DIRECTION('',(-1.,0.,0.));
#2672=DIRECTION('center_axis',(0.,0.,1.));
#2673=DIRECTION('ref_axis',(1.,2.22044604925031E-15,0.));
#2674=DIRECTION('',(0.,1.,0.));
#2675=DIRECTION('',(-1.,0.,0.));
#2676=DIRECTION('',(4.93432455388958E-16,-1.,0.));
#2677=DIRECTION('center_axis',(0.,0.,1.));
#2678=DIRECTION('ref_axis',(2.22044604925031E-15,1.,0.));
#2679=DIRECTION('',(-1.,0.,0.));
#2680=DIRECTION('',(0.,-1.,0.));
#2681=DIRECTION('',(1.,0.,0.));
#2682=DIRECTION('center_axis',(0.,0.,1.));
#2683=DIRECTION('ref_axis',(-1.,-2.22044604925032E-15,0.));
#2684=DIRECTION('',(0.,-1.,0.));
#2685=DIRECTION('center_axis',(0.,0.,1.));
#2686=DIRECTION('ref_axis',(-4.44089209850062E-15,1.,0.));
#2687=DIRECTION('',(-1.,-1.48029736616687E-15,0.));
#2688=DIRECTION('',(0.,-1.,0.));
#2689=DIRECTION('',(-1.,0.,0.));
#2690=DIRECTION('',(0.,-1.,0.));
#2691=DIRECTION('center_axis',(0.,0.,1.));
#2692=DIRECTION('ref_axis',(-1.77635683940025E-15,1.,0.));
#2693=DIRECTION('',(-0.58671869138302,0.809790823102977,0.));
#2694=DIRECTION('',(1.,0.,0.));
#2695=DIRECTION('center_axis',(0.,0.,-1.));
#2696=DIRECTION('ref_axis',(1.,-4.83063811174133E-9,0.));
#2697=DIRECTION('',(-4.83063813689524E-9,-1.,0.));
#2698=DIRECTION('center_axis',(0.,0.,-1.));
#2699=DIRECTION('ref_axis',(-0.809790823102976,-0.586718691383021,0.));
#2700=DIRECTION('',(-0.58671869138302,0.809790823102977,0.));
#2701=DIRECTION('center_axis',(0.,0.,-1.));
#2702=DIRECTION('ref_axis',(0.,1.,0.));
#2703=DIRECTION('',(1.,1.69393423509944E-16,0.));
#2704=DIRECTION('',(0.,-1.,0.));
#2705=DIRECTION('',(-1.,0.,0.));
#2706=DIRECTION('center_axis',(0.,0.,1.));
#2707=DIRECTION('ref_axis',(8.88178419700124E-16,1.,0.));
#2708=DIRECTION('',(-0.58671869138302,0.809790823102977,0.));
#2709=DIRECTION('center_axis',(0.,0.,-1.));
#2710=DIRECTION('ref_axis',(-5.55111512312578E-16,1.,0.));
#2711=DIRECTION('',(0.58671869138302,0.809790823102976,0.));
#2712=DIRECTION('center_axis',(0.,0.,-1.));
#2713=DIRECTION('ref_axis',(1.,-4.83064033218739E-9,0.));
#2714=DIRECTION('',(-4.83063816158688E-9,-1.,0.));
#2715=DIRECTION('',(-1.,1.04246291240624E-16,0.));
#2716=DIRECTION('',(0.,1.,0.));
#2717=DIRECTION('',(0.58671869138302,-0.809790823102977,0.));
#2718=DIRECTION('center_axis',(0.,0.,-1.));
#2719=DIRECTION('ref_axis',(-1.11022302462516E-15,-1.,0.));
#2720=DIRECTION('',(-1.,-7.05805931291436E-17,0.));
#2721=DIRECTION('',(0.,1.,0.));
#2722=DIRECTION('center_axis',(0.,0.,1.));
#2723=DIRECTION('ref_axis',(8.88178419700124E-16,-1.,0.));
#2724=DIRECTION('',(-1.,6.23482156421367E-16,0.));
#2725=DIRECTION('center_axis',(0.,0.,-1.));
#2726=DIRECTION('ref_axis',(-0.809790823102978,0.586718691383018,0.));
#2727=DIRECTION('',(0.586718691383019,0.809790823102977,0.));
#2728=DIRECTION('',(1.,0.,0.));
#2729=DIRECTION('',(-4.83063821918319E-9,-1.,0.));
#2730=DIRECTION('center_axis',(0.,0.,-1.));
#2731=DIRECTION('ref_axis',(2.77555756156288E-15,-1.,0.));
#2732=DIRECTION('',(1.,-3.11741074088101E-16,0.));
#2733=DIRECTION('center_axis',(0.,0.,-1.));
#2734=DIRECTION('ref_axis',(0.809790823102978,-0.586718691383018,0.));
#2735=DIRECTION('',(-0.58671869138302,-0.809790823102977,0.));
#2736=DIRECTION('center_axis',(0.,0.,-1.));
#2737=DIRECTION('ref_axis',(-1.,4.83063922196435E-9,0.));
#2738=DIRECTION('',(4.83063834554659E-9,1.,0.));
#2739=DIRECTION('center_axis',(0.,0.,-1.));
#2740=DIRECTION('ref_axis',(-2.77555756156288E-15,1.,0.));
#2741=DIRECTION('',(4.83063824056043E-9,1.,0.));
#2742=DIRECTION('center_axis',(0.,0.,-1.));
#2743=DIRECTION('ref_axis',(0.809790823102976,0.586718691383021,0.));
#2744=DIRECTION('',(0.58671869138302,-0.809790823102977,0.));
#2745=DIRECTION('',(1.48029736616688E-15,-1.,0.));
#2746=DIRECTION('',(-1.,1.04246291240624E-16,0.));
#2747=DIRECTION('',(1.,-4.23483558774861E-17,0.));
#2748=DIRECTION('center_axis',(0.,0.,-1.));
#2749=DIRECTION('ref_axis',(0.809790823102976,-0.586718691383021,0.));
#2750=DIRECTION('',(-0.586718691383021,-0.809790823102976,0.));
#2751=DIRECTION('center_axis',(0.,0.,1.));
#2752=DIRECTION('ref_axis',(1.,8.88178419700124E-16,0.));
#2753=DIRECTION('',(-1.,0.,0.));
#2754=DIRECTION('',(0.,1.,0.));
#2755=DIRECTION('center_axis',(0.,0.,-1.));
#2756=DIRECTION('ref_axis',(-0.809790823102977,0.586718691383019,0.));
#2757=DIRECTION('',(0.58671869138302,0.809790823102977,0.));
#2758=DIRECTION('center_axis',(0.,0.,1.));
#2759=DIRECTION('ref_axis',(-1.,-8.88178419700125E-16,0.));
#2760=DIRECTION('',(0.,-1.,0.));
#2761=DIRECTION('',(-1.,-2.25857898013259E-16,0.));
#2762=DIRECTION('',(0.58671869138302,-0.809790823102977,0.));
#2763=DIRECTION('center_axis',(0.,0.,-1.));
#2764=DIRECTION('ref_axis',(0.,-1.,0.));
#2765=DIRECTION('',(-1.,0.,0.));
#2766=DIRECTION('center_axis',(0.,0.,-1.));
#2767=DIRECTION('ref_axis',(-1.,4.83063367084921E-9,0.));
#2768=DIRECTION('',(4.83063801634521E-9,1.,0.));
#2769=DIRECTION('',(1.,0.,0.));
#2770=DIRECTION('',(0.,1.,0.));
#2771=DIRECTION('',(1.,0.,0.));
#2772=DIRECTION('',(-0.58671869138302,-0.809790823102977,0.));
#2773=DIRECTION('center_axis',(0.,0.,1.));
#2774=DIRECTION('ref_axis',(1.,-8.88178419700124E-16,0.));
#2775=DIRECTION('center_axis',(-1.,0.,0.));
#2776=DIRECTION('ref_axis',(0.,1.,0.));
#2777=DIRECTION('',(0.,0.,-1.));
#2778=DIRECTION('',(0.,-1.,0.));
#2779=DIRECTION('',(0.,0.,-1.));
#2780=DIRECTION('',(0.,0.,1.));
#2781=DIRECTION('',(-8.88178419700124E-16,-1.,0.));
#2782=DIRECTION('',(0.,0.,1.));
#2783=DIRECTION('center_axis',(0.,0.,-1.));
#2784=DIRECTION('ref_axis',(1.,0.,0.));
#2785=DIRECTION('',(4.93432455388958E-16,-1.,0.));
#2786=DIRECTION('',(1.,0.,0.));
#2787=DIRECTION('',(0.999840985077036,0.0178326823608341,0.));
#2788=DIRECTION('center_axis',(0.,0.,1.));
#2789=DIRECTION('ref_axis',(0.997452136243134,-0.071338880731395,0.));
#2790=DIRECTION('',(0.0178326823274222,0.999840985077632,0.));
#2791=DIRECTION('',(0.,1.,0.));
#2792=DIRECTION('',(-1.,0.,0.));
#2793=DIRECTION('center_axis',(0.,0.,1.));
#2794=DIRECTION('ref_axis',(2.22044604925031E-15,1.,0.));
#2795=DIRECTION('center_axis',(0.,0.,1.));
#2796=DIRECTION('ref_axis',(-1.,0.,0.));
#2797=DIRECTION('center_axis',(0.,0.,-1.));
#2798=DIRECTION('ref_axis',(-1.,0.,0.));
#2799=DIRECTION('center_axis',(0.,0.,-1.));
#2800=DIRECTION('ref_axis',(-1.,0.,0.));
#2801=DIRECTION('center_axis',(0.,-1.,0.));
#2802=DIRECTION('ref_axis',(1.,0.,0.));
#2803=DIRECTION('center_axis',(0.,0.,1.));
#2804=DIRECTION('ref_axis',(-1.,0.,0.));
#2805=DIRECTION('center_axis',(0.,0.,-1.));
#2806=DIRECTION('ref_axis',(-1.,0.,0.));
#2807=DIRECTION('center_axis',(0.,0.,1.));
#2808=DIRECTION('ref_axis',(-1.,0.,0.));
#2809=DIRECTION('center_axis',(0.,0.,1.));
#2810=DIRECTION('ref_axis',(-1.,0.,0.));
#2811=DIRECTION('',(0.,0.,-1.));
#2812=DIRECTION('center_axis',(0.,0.,1.));
#2813=DIRECTION('ref_axis',(-1.,0.,0.));
#2814=DIRECTION('center_axis',(0.,0.,1.));
#2815=DIRECTION('ref_axis',(1.,0.,0.));
#2816=DIRECTION('center_axis',(0.,-1.,0.));
#2817=DIRECTION('ref_axis',(-1.,0.,0.));
#2818=DIRECTION('center_axis',(0.,0.,1.));
#2819=DIRECTION('ref_axis',(-1.,0.,0.));
#2820=DIRECTION('center_axis',(0.,0.,1.));
#2821=DIRECTION('ref_axis',(1.,-4.44089209850062E-15,0.));
#2822=DIRECTION('',(-1.,1.48029736616687E-15,0.));
#2823=DIRECTION('',(1.,0.,0.));
#2824=DIRECTION('center_axis',(0.,0.,1.));
#2825=DIRECTION('ref_axis',(-2.22044604925032E-15,-1.,0.));
#2826=DIRECTION('',(0.,1.,0.));
#2827=DIRECTION('center_axis',(0.,0.,1.));
#2828=DIRECTION('ref_axis',(-1.,0.,0.));
#2829=DIRECTION('center_axis',(0.,0.,1.));
#2830=DIRECTION('ref_axis',(1.,0.,0.));
#2831=DIRECTION('center_axis',(0.,0.,-1.));
#2832=DIRECTION('ref_axis',(-1.,0.,0.));
#2833=DIRECTION('center_axis',(0.,-1.,0.));
#2834=DIRECTION('ref_axis',(-1.,0.,0.));
#2835=DIRECTION('center_axis',(0.,0.,1.));
#2836=DIRECTION('ref_axis',(-1.,0.,0.));
#2837=DIRECTION('center_axis',(0.,0.,1.));
#2838=DIRECTION('ref_axis',(-1.,0.,0.));
#2839=DIRECTION('center_axis',(0.,0.,1.));
#2840=DIRECTION('ref_axis',(-1.,0.,0.));
#2841=DIRECTION('',(0.,0.,-1.));
#2842=DIRECTION('center_axis',(0.,0.,-1.));
#2843=DIRECTION('ref_axis',(-1.,0.,0.));
#2844=DIRECTION('center_axis',(0.,0.,-1.));
#2845=DIRECTION('ref_axis',(-1.,0.,0.));
#2846=DIRECTION('center_axis',(0.,0.,1.));
#2847=DIRECTION('ref_axis',(-1.,0.,0.));
#2848=DIRECTION('center_axis',(0.,0.,1.));
#2849=DIRECTION('ref_axis',(1.,0.,0.));
#2850=DIRECTION('center_axis',(0.,-1.,0.));
#2851=DIRECTION('ref_axis',(-1.,0.,0.));
#2852=DIRECTION('center_axis',(0.,0.,-1.));
#2853=DIRECTION('ref_axis',(1.,0.,0.));
#2854=DIRECTION('',(-1.,0.,0.));
#2855=DIRECTION('',(0.0178326823628249,-0.999840985077,0.));
#2856=DIRECTION('center_axis',(0.,0.,1.));
#2857=DIRECTION('ref_axis',(-0.0713388807312505,-0.997452136243144,0.));
#2858=DIRECTION('',(0.999840985077632,-0.0178326823273906,0.));
#2859=DIRECTION('',(1.,0.,0.));
#2860=DIRECTION('',(0.,1.,0.));
#2861=DIRECTION('center_axis',(0.,0.,1.));
#2862=DIRECTION('ref_axis',(1.,2.22044604925031E-15,0.));
#2863=DIRECTION('center_axis',(0.,0.,1.));
#2864=DIRECTION('ref_axis',(-1.,0.,0.));
#2865=DIRECTION('center_axis',(0.,0.,1.));
#2866=DIRECTION('ref_axis',(1.,0.,0.));
#2867=DIRECTION('center_axis',(0.,0.,-1.));
#2868=DIRECTION('ref_axis',(-1.,0.,0.));
#2869=DIRECTION('center_axis',(0.,-1.,0.));
#2870=DIRECTION('ref_axis',(-1.,0.,0.));
#2871=DIRECTION('center_axis',(0.,0.,1.));
#2872=DIRECTION('ref_axis',(-1.,0.,0.));
#2873=DIRECTION('center_axis',(0.,0.,1.));
#2874=DIRECTION('ref_axis',(-1.,0.,0.));
#2875=DIRECTION('center_axis',(0.,0.,1.));
#2876=DIRECTION('ref_axis',(-1.,0.,0.));
#2877=DIRECTION('',(0.,0.,-1.));
#2878=DIRECTION('center_axis',(0.,0.,-1.));
#2879=DIRECTION('ref_axis',(-1.,0.,0.));
#2880=DIRECTION('center_axis',(0.,0.,1.));
#2881=DIRECTION('ref_axis',(-1.,0.,0.));
#2882=DIRECTION('center_axis',(0.,0.,-1.));
#2883=DIRECTION('ref_axis',(-1.,0.,0.));
#2884=DIRECTION('center_axis',(0.,-1.,0.));
#2885=DIRECTION('ref_axis',(1.,0.,0.));
#2886=DIRECTION('center_axis',(0.,0.,1.));
#2887=DIRECTION('ref_axis',(-1.,0.,0.));
#2888=DIRECTION('',(1.,0.,0.));
#2889=DIRECTION('',(-1.76459288682144E-16,1.,0.));
#2890=DIRECTION('',(-1.,-1.48029736616687E-15,0.));
#2891=DIRECTION('center_axis',(0.,0.,1.));
#2892=DIRECTION('ref_axis',(-4.44089209850062E-15,1.,0.));
#2893=DIRECTION('',(0.,-1.,0.));
#2894=DIRECTION('center_axis',(0.,0.,1.));
#2895=DIRECTION('ref_axis',(-1.,-2.22044604925032E-15,0.));
#2896=DIRECTION('center_axis',(0.,0.,1.));
#2897=DIRECTION('ref_axis',(-1.,0.,0.));
#2898=DIRECTION('center_axis',(0.,0.,1.));
#2899=DIRECTION('ref_axis',(1.,0.,0.));
#2900=DIRECTION('center_axis',(0.,0.,-1.));
#2901=DIRECTION('ref_axis',(-1.,0.,0.));
#2902=DIRECTION('center_axis',(0.,-1.,0.));
#2903=DIRECTION('ref_axis',(-1.,0.,0.));
#2904=DIRECTION('center_axis',(0.,0.,1.));
#2905=DIRECTION('ref_axis',(-1.,0.,0.));
#2906=DIRECTION('center_axis',(0.,0.,1.));
#2907=DIRECTION('ref_axis',(-1.,0.,0.));
#2908=DIRECTION('center_axis',(0.,0.,1.));
#2909=DIRECTION('ref_axis',(-1.,0.,0.));
#2910=DIRECTION('',(0.,0.,-1.));
#2911=DIRECTION('center_axis',(0.,0.,-1.));
#2912=DIRECTION('ref_axis',(-1.,0.,0.));
#2913=DIRECTION('center_axis',(0.,0.,-1.));
#2914=DIRECTION('ref_axis',(-1.,0.,0.));
#2915=DIRECTION('center_axis',(0.,0.,1.));
#2916=DIRECTION('ref_axis',(-1.,0.,0.));
#2917=DIRECTION('center_axis',(0.,0.,1.));
#2918=DIRECTION('ref_axis',(1.,0.,0.));
#2919=DIRECTION('center_axis',(0.,-1.,0.));
#2920=DIRECTION('ref_axis',(-1.,0.,0.));
#2921=DIRECTION('center_axis',(0.999840985077632,-0.0178326823274222,0.));
#2922=DIRECTION('ref_axis',(-0.0178326823274222,-0.999840985077632,0.));
#2923=DIRECTION('',(0.,0.,-1.));
#2924=DIRECTION('',(0.,0.,-1.));
#2925=DIRECTION('center_axis',(0.,0.,-1.));
#2926=DIRECTION('ref_axis',(0.997452136243134,-0.071338880731395,0.));
#2927=DIRECTION('',(0.,0.,-1.));
#2928=DIRECTION('center_axis',(0.0178326823608341,-0.999840985077036,0.));
#2929=DIRECTION('ref_axis',(-0.999840985077036,-0.0178326823608341,0.));
#2930=DIRECTION('',(0.,0.,-1.));
#2931=DIRECTION('center_axis',(0.,-1.,0.));
#2932=DIRECTION('ref_axis',(-1.,0.,0.));
#2933=DIRECTION('',(0.,0.,1.));
#2934=DIRECTION('',(0.,0.,-1.));
#2935=DIRECTION('',(0.,0.,-1.));
#2936=DIRECTION('center_axis',(-0.0178326823273906,-0.999840985077632,0.));
#2937=DIRECTION('ref_axis',(-0.999840985077632,0.0178326823273906,0.));
#2938=DIRECTION('',(0.,0.,-1.));
#2939=DIRECTION('center_axis',(0.,0.,-1.));
#2940=DIRECTION('ref_axis',(-0.0713388807312505,-0.997452136243144,0.));
#2941=DIRECTION('',(0.,0.,-1.));
#2942=DIRECTION('center_axis',(-0.999840985077,-0.0178326823628249,0.));
#2943=DIRECTION('ref_axis',(-0.0178326823628249,0.999840985077,0.));
#2944=DIRECTION('center_axis',(0.,-1.,0.));
#2945=DIRECTION('ref_axis',(-1.,0.,0.));
#2946=DIRECTION('',(0.,0.,1.));
#2947=DIRECTION('',(0.,0.,-1.));
#2948=DIRECTION('center_axis',(0.,0.,-1.));
#2949=DIRECTION('ref_axis',(2.22044604925031E-15,1.,0.));
#2950=DIRECTION('',(0.,0.,-1.));
#2951=DIRECTION('center_axis',(1.,4.93432455388958E-16,0.));
#2952=DIRECTION('ref_axis',(4.93432455388958E-16,-1.,0.));
#2953=DIRECTION('center_axis',(-1.,0.,0.));
#2954=DIRECTION('ref_axis',(0.,1.,0.));
#2955=DIRECTION('',(0.,0.,-1.));
#2956=DIRECTION('center_axis',(0.,0.,-1.));
#2957=DIRECTION('ref_axis',(1.,2.22044604925031E-15,0.));
#2958=DIRECTION('',(0.,0.,-1.));
#2959=DIRECTION('center_axis',(0.,-1.,0.));
#2960=DIRECTION('ref_axis',(-1.,0.,0.));
#2961=DIRECTION('center_axis',(1.,0.,0.));
#2962=DIRECTION('ref_axis',(0.,-1.,0.));
#2963=DIRECTION('',(0.,0.,1.));
#2964=DIRECTION('',(0.,0.,-1.));
#2965=DIRECTION('center_axis',(1.48029736616687E-15,-1.,0.));
#2966=DIRECTION('ref_axis',(-1.,-1.48029736616687E-15,0.));
#2967=DIRECTION('',(0.,0.,-1.));
#2968=DIRECTION('center_axis',(0.,0.,-1.));
#2969=DIRECTION('ref_axis',(-4.44089209850062E-15,1.,0.));
#2970=DIRECTION('',(0.,0.,-1.));
#2971=DIRECTION('center_axis',(1.,0.,0.));
#2972=DIRECTION('ref_axis',(0.,-1.,0.));
#2973=DIRECTION('',(0.,0.,-1.));
#2974=DIRECTION('center_axis',(0.,0.,-1.));
#2975=DIRECTION('ref_axis',(-1.,-2.22044604925032E-15,0.));
#2976=DIRECTION('',(0.,0.,-1.));
#2977=DIRECTION('center_axis',(0.,1.,0.));
#2978=DIRECTION('ref_axis',(1.,0.,0.));
#2979=DIRECTION('center_axis',(0.,0.,-1.));
#2980=DIRECTION('ref_axis',(1.,-4.44089209850062E-15,0.));
#2981=DIRECTION('',(0.,0.,-1.));
#2982=DIRECTION('',(0.,0.,1.));
#2983=DIRECTION('center_axis',(1.,0.,0.));
#2984=DIRECTION('ref_axis',(0.,-1.,0.));
#2985=DIRECTION('',(0.,0.,1.));
#2986=DIRECTION('center_axis',(0.,0.,-1.));
#2987=DIRECTION('ref_axis',(-2.22044604925032E-15,-1.,0.));
#2988=DIRECTION('',(0.,0.,1.));
#2989=DIRECTION('center_axis',(0.,-1.,0.));
#2990=DIRECTION('ref_axis',(-1.,0.,0.));
#2991=DIRECTION('center_axis',(1.48029736616687E-15,1.,0.));
#2992=DIRECTION('ref_axis',(1.,-1.48029736616687E-15,0.));
#2993=DIRECTION('center_axis',(0.,1.,0.));
#2994=DIRECTION('ref_axis',(1.,0.,0.));
#2995=DIRECTION('',(0.,0.,-1.));
#2996=DIRECTION('center_axis',(0.809790823102977,-0.58671869138302,0.));
#2997=DIRECTION('ref_axis',(-0.58671869138302,-0.809790823102977,0.));
#2998=DIRECTION('',(0.,0.,-1.));
#2999=DIRECTION('center_axis',(0.,0.,-1.));
#3000=DIRECTION('ref_axis',(1.,-8.88178419700124E-16,0.));
#3001=DIRECTION('',(0.,0.,-1.));
#3002=DIRECTION('center_axis',(-1.,-3.38000380920158E-15,0.));
#3003=DIRECTION('ref_axis',(-3.38000380920158E-15,1.,0.));
#3004=DIRECTION('center_axis',(-0.809790823102977,-0.58671869138302,0.));
#3005=DIRECTION('ref_axis',(-0.58671869138302,0.809790823102977,0.));
#3006=DIRECTION('',(0.,0.,-1.));
#3007=DIRECTION('',(0.,0.,-1.));
#3008=DIRECTION('center_axis',(0.,0.,-1.));
#3009=DIRECTION('ref_axis',(0.,1.,0.));
#3010=DIRECTION('',(0.,0.,-1.));
#3011=DIRECTION('center_axis',(0.,1.,0.));
#3012=DIRECTION('ref_axis',(1.,0.,0.));
#3013=DIRECTION('',(0.,0.,-1.));
#3014=DIRECTION('center_axis',(0.,0.,-1.));
#3015=DIRECTION('ref_axis',(1.,-4.83063811174133E-9,0.));
#3016=DIRECTION('',(0.,0.,-1.));
#3017=DIRECTION('center_axis',(1.,-4.83063813689524E-9,0.));
#3018=DIRECTION('ref_axis',(-4.83063813689524E-9,-1.,0.));
#3019=DIRECTION('',(0.,0.,-1.));
#3020=DIRECTION('center_axis',(0.,0.,-1.));
#3021=DIRECTION('ref_axis',(-0.809790823102976,-0.586718691383021,0.));
#3022=DIRECTION('center_axis',(-0.809790823102977,-0.58671869138302,0.));
#3023=DIRECTION('ref_axis',(-0.58671869138302,0.809790823102977,0.));
#3024=DIRECTION('',(0.,0.,-1.));
#3025=DIRECTION('',(0.,0.,-1.));
#3026=DIRECTION('center_axis',(0.,0.,-1.));
#3027=DIRECTION('ref_axis',(-5.55111512312578E-16,1.,0.));
#3028=DIRECTION('',(0.,0.,-1.));
#3029=DIRECTION('center_axis',(-1.69393423509944E-16,1.,0.));
#3030=DIRECTION('ref_axis',(1.,1.69393423509944E-16,0.));
#3031=DIRECTION('',(0.,0.,-1.));
#3032=DIRECTION('center_axis',(1.,0.,0.));
#3033=DIRECTION('ref_axis',(0.,-1.,0.));
#3034=DIRECTION('',(0.,0.,-1.));
#3035=DIRECTION('center_axis',(0.,-1.,0.));
#3036=DIRECTION('ref_axis',(-1.,0.,0.));
#3037=DIRECTION('',(0.,0.,-1.));
#3038=DIRECTION('center_axis',(0.,0.,-1.));
#3039=DIRECTION('ref_axis',(8.88178419700124E-16,1.,0.));
#3040=DIRECTION('center_axis',(-1.04246291240624E-16,-1.,0.));
#3041=DIRECTION('ref_axis',(-1.,1.04246291240624E-16,0.));
#3042=DIRECTION('',(0.,0.,-1.));
#3043=DIRECTION('',(0.,0.,-1.));
#3044=DIRECTION('center_axis',(-1.,0.,0.));
#3045=DIRECTION('ref_axis',(0.,1.,0.));
#3046=DIRECTION('',(0.,0.,-1.));
#3047=DIRECTION('center_axis',(-0.809790823102976,0.58671869138302,0.));
#3048=DIRECTION('ref_axis',(0.58671869138302,0.809790823102976,0.));
#3049=DIRECTION('',(0.,0.,-1.));
#3050=DIRECTION('center_axis',(0.,0.,-1.));
#3051=DIRECTION('ref_axis',(1.,-4.83064033218739E-9,0.));
#3052=DIRECTION('',(0.,0.,-1.));
#3053=DIRECTION('center_axis',(1.,-4.83063816158688E-9,0.));
#3054=DIRECTION('ref_axis',(-4.83063816158688E-9,-1.,0.));
#3055=DIRECTION('center_axis',(-1.,0.,0.));
#3056=DIRECTION('ref_axis',(0.,1.,0.));
#3057=DIRECTION('',(0.,0.,-1.));
#3058=DIRECTION('',(0.,0.,-1.));
#3059=DIRECTION('center_axis',(0.,0.,-1.));
#3060=DIRECTION('ref_axis',(8.88178419700124E-16,-1.,0.));
#3061=DIRECTION('',(0.,0.,-1.));
#3062=DIRECTION('center_axis',(0.809790823102977,0.58671869138302,0.));
#3063=DIRECTION('ref_axis',(0.58671869138302,-0.809790823102977,0.));
#3064=DIRECTION('',(0.,0.,-1.));
#3065=DIRECTION('center_axis',(0.,0.,-1.));
#3066=DIRECTION('ref_axis',(-1.11022302462516E-15,-1.,0.));
#3067=DIRECTION('',(0.,0.,-1.));
#3068=DIRECTION('center_axis',(7.05805931291436E-17,-1.,0.));
#3069=DIRECTION('ref_axis',(-1.,-7.05805931291436E-17,0.));
#3070=DIRECTION('center_axis',(1.,-4.83063821918319E-9,0.));
#3071=DIRECTION('ref_axis',(-4.83063821918319E-9,-1.,0.));
#3072=DIRECTION('',(0.,0.,-1.));
#3073=DIRECTION('',(0.,0.,-1.));
#3074=DIRECTION('center_axis',(0.,0.,-1.));
#3075=DIRECTION('ref_axis',(2.77555756156288E-15,-1.,0.));
#3076=DIRECTION('',(0.,0.,-1.));
#3077=DIRECTION('center_axis',(-6.23482156421367E-16,-1.,0.));
#3078=DIRECTION('ref_axis',(-1.,6.23482156421367E-16,0.));
#3079=DIRECTION('',(0.,0.,-1.));
#3080=DIRECTION('center_axis',(0.,0.,-1.));
#3081=DIRECTION('ref_axis',(-0.809790823102978,0.586718691383018,0.));
#3082=DIRECTION('',(0.,0.,-1.));
#3083=DIRECTION('center_axis',(-0.809790823102977,0.586718691383019,0.));
#3084=DIRECTION('ref_axis',(0.586718691383019,0.809790823102977,0.));
#3085=DIRECTION('',(0.,0.,-1.));
#3086=DIRECTION('center_axis',(0.,1.,0.));
#3087=DIRECTION('ref_axis',(1.,0.,0.));
#3088=DIRECTION('center_axis',(1.,0.,0.));
#3089=DIRECTION('ref_axis',(0.,-1.,0.));
#3090=DIRECTION('',(0.,0.,-1.));
#3091=DIRECTION('center_axis',(0.,0.,-1.));
#3092=DIRECTION('ref_axis',(-1.77635683940025E-15,1.,0.));
#3093=DIRECTION('',(0.,0.,-1.));
#3094=DIRECTION('center_axis',(-0.809790823102977,-0.58671869138302,0.));
#3095=DIRECTION('ref_axis',(-0.58671869138302,0.809790823102977,0.));
#3096=DIRECTION('',(0.,0.,-1.));
#3097=DIRECTION('center_axis',(0.,1.,0.));
#3098=DIRECTION('ref_axis',(1.,0.,0.));
#3099=DIRECTION('center_axis',(-1.,4.83063834554659E-9,0.));
#3100=DIRECTION('ref_axis',(4.83063834554659E-9,1.,0.));
#3101=DIRECTION('',(0.,0.,-1.));
#3102=DIRECTION('',(0.,0.,-1.));
#3103=DIRECTION('center_axis',(0.,0.,-1.));
#3104=DIRECTION('ref_axis',(-2.77555756156288E-15,1.,0.));
#3105=DIRECTION('',(0.,0.,-1.));
#3106=DIRECTION('center_axis',(3.11741074088101E-16,1.,0.));
#3107=DIRECTION('ref_axis',(1.,-3.11741074088101E-16,0.));
#3108=DIRECTION('',(0.,0.,-1.));
#3109=DIRECTION('center_axis',(0.,0.,-1.));
#3110=DIRECTION('ref_axis',(0.809790823102978,-0.586718691383018,0.));
#3111=DIRECTION('',(0.,0.,-1.));
#3112=DIRECTION('center_axis',(0.809790823102977,-0.58671869138302,0.));
#3113=DIRECTION('ref_axis',(-0.58671869138302,-0.809790823102976,0.));
#3114=DIRECTION('',(0.,0.,-1.));
#3115=DIRECTION('center_axis',(0.,0.,-1.));
#3116=DIRECTION('ref_axis',(-1.,4.83063922196435E-9,0.));
#3117=DIRECTION('center_axis',(1.,1.48029736616688E-15,0.));
#3118=DIRECTION('ref_axis',(1.48029736616688E-15,-1.,0.));
#3119=DIRECTION('',(0.,0.,-1.));
#3120=DIRECTION('',(0.,0.,-1.));
#3121=DIRECTION('center_axis',(-1.04246291240624E-16,-1.,0.));
#3122=DIRECTION('ref_axis',(-1.,1.04246291240624E-16,0.));
#3123=DIRECTION('',(0.,0.,-1.));
#3124=DIRECTION('center_axis',(-1.,4.83063824056043E-9,0.));
#3125=DIRECTION('ref_axis',(4.83063824056043E-9,1.,0.));
#3126=DIRECTION('',(0.,0.,-1.));
#3127=DIRECTION('center_axis',(0.,0.,-1.));
#3128=DIRECTION('ref_axis',(0.809790823102976,0.586718691383021,0.));
#3129=DIRECTION('',(0.,0.,-1.));
#3130=DIRECTION('center_axis',(0.809790823102977,0.58671869138302,0.));
#3131=DIRECTION('ref_axis',(0.58671869138302,-0.809790823102977,0.));
#3132=DIRECTION('center_axis',(0.,-1.,0.));
#3133=DIRECTION('ref_axis',(-1.,0.,0.));
#3134=DIRECTION('',(0.,0.,-1.));
#3135=DIRECTION('',(0.,0.,-1.));
#3136=DIRECTION('center_axis',(-1.,0.,0.));
#3137=DIRECTION('ref_axis',(0.,1.,0.));
#3138=DIRECTION('',(0.,0.,-1.));
#3139=DIRECTION('center_axis',(4.23483558774861E-17,1.,0.));
#3140=DIRECTION('ref_axis',(1.,-4.23483558774861E-17,0.));
#3141=DIRECTION('',(0.,0.,-1.));
#3142=DIRECTION('center_axis',(0.,0.,-1.));
#3143=DIRECTION('ref_axis',(0.809790823102976,-0.586718691383021,0.));
#3144=DIRECTION('',(0.,0.,-1.));
#3145=DIRECTION('center_axis',(0.809790823102976,-0.586718691383021,0.));
#3146=DIRECTION('ref_axis',(-0.586718691383021,-0.809790823102976,0.));
#3147=DIRECTION('',(0.,0.,-1.));
#3148=DIRECTION('center_axis',(0.,0.,-1.));
#3149=DIRECTION('ref_axis',(1.,8.88178419700124E-16,0.));
#3150=DIRECTION('center_axis',(1.,0.,0.));
#3151=DIRECTION('ref_axis',(0.,-1.,0.));
#3152=DIRECTION('',(0.,0.,-1.));
#3153=DIRECTION('',(0.,0.,-1.));
#3154=DIRECTION('center_axis',(2.25857898013259E-16,-1.,0.));
#3155=DIRECTION('ref_axis',(-1.,-2.25857898013259E-16,0.));
#3156=DIRECTION('',(0.,0.,-1.));
#3157=DIRECTION('center_axis',(0.,0.,-1.));
#3158=DIRECTION('ref_axis',(-0.809790823102977,0.586718691383019,0.));
#3159=DIRECTION('',(0.,0.,-1.));
#3160=DIRECTION('center_axis',(-0.809790823102977,0.58671869138302,0.));
#3161=DIRECTION('ref_axis',(0.58671869138302,0.809790823102976,0.));
#3162=DIRECTION('',(0.,0.,-1.));
#3163=DIRECTION('center_axis',(0.,0.,-1.));
#3164=DIRECTION('ref_axis',(-1.,-8.88178419700125E-16,0.));
#3165=DIRECTION('center_axis',(-1.,4.83063801634521E-9,0.));
#3166=DIRECTION('ref_axis',(4.83063801634521E-9,1.,0.));
#3167=DIRECTION('',(0.,0.,-1.));
#3168=DIRECTION('',(0.,0.,-1.));
#3169=DIRECTION('center_axis',(0.,1.,0.));
#3170=DIRECTION('ref_axis',(1.,0.,0.));
#3171=DIRECTION('',(0.,0.,-1.));
#3172=DIRECTION('center_axis',(0.809790823102977,0.58671869138302,0.));
#3173=DIRECTION('ref_axis',(0.58671869138302,-0.809790823102977,0.));
#3174=DIRECTION('',(0.,0.,-1.));
#3175=DIRECTION('center_axis',(0.,0.,-1.));
#3176=DIRECTION('ref_axis',(0.,-1.,0.));
#3177=DIRECTION('',(0.,0.,-1.));
#3178=DIRECTION('center_axis',(0.,-1.,0.));
#3179=DIRECTION('ref_axis',(-1.,0.,0.));
#3180=DIRECTION('',(0.,0.,-1.));
#3181=DIRECTION('center_axis',(0.,0.,-1.));
#3182=DIRECTION('ref_axis',(-1.,4.83063367084921E-9,0.));
#3183=CARTESIAN_POINT('',(0.,0.,0.));
#3184=CARTESIAN_POINT('Origin',(24.500000000002,52.5,20.95));
#3185=CARTESIAN_POINT('',(26.500000000002,52.5,20.95));
#3186=CARTESIAN_POINT('',(24.500000000002,54.5,20.95));
#3187=CARTESIAN_POINT('Origin',(24.500000000002,52.5,20.95));
#3188=CARTESIAN_POINT('',(24.500000000002,54.5,18.95));
#3189=CARTESIAN_POINT('',(24.500000000002,54.5,20.95));
#3190=CARTESIAN_POINT('',(26.500000000002,52.5,18.95));
#3191=CARTESIAN_POINT('Origin',(24.500000000002,52.5,18.95));
#3192=CARTESIAN_POINT('',(26.500000000002,52.5,20.95));
#3193=CARTESIAN_POINT('Origin',(27.500000000002,55.5,20.95));
#3194=CARTESIAN_POINT('',(29.500000000002,55.5,20.95));
#3195=CARTESIAN_POINT('',(27.500000000002,57.5,20.95));
#3196=CARTESIAN_POINT('Origin',(27.500000000002,55.5,20.95));
#3197=CARTESIAN_POINT('',(29.500000000002,55.5,18.95));
#3198=CARTESIAN_POINT('',(29.500000000002,55.5,20.95));
#3199=CARTESIAN_POINT('',(27.500000000002,57.5,18.95));
#3200=CARTESIAN_POINT('Origin',(27.500000000002,55.5,18.95));
#3201=CARTESIAN_POINT('',(27.500000000002,57.5,20.95));
#3202=CARTESIAN_POINT('Origin',(-27.5,55.5,20.95));
#3203=CARTESIAN_POINT('',(-27.5,57.5,20.95));
#3204=CARTESIAN_POINT('',(-29.5,55.5,20.95));
#3205=CARTESIAN_POINT('Origin',(-27.5,55.5,20.95));
#3206=CARTESIAN_POINT('',(-27.5,57.5,18.95));
#3207=CARTESIAN_POINT('',(-27.5,57.5,20.95));
#3208=CARTESIAN_POINT('',(-29.5,55.5,18.95));
#3209=CARTESIAN_POINT('Origin',(-27.5,55.5,18.95));
#3210=CARTESIAN_POINT('',(-29.5,55.5,20.95));
#3211=CARTESIAN_POINT('Origin',(-24.5,52.5,20.95));
#3212=CARTESIAN_POINT('',(-24.5,54.5,20.95));
#3213=CARTESIAN_POINT('',(-26.5,52.5,20.95));
#3214=CARTESIAN_POINT('Origin',(-24.5,52.5,20.95));
#3215=CARTESIAN_POINT('',(-26.5,52.5,18.95));
#3216=CARTESIAN_POINT('',(-26.5,52.5,20.95));
#3217=CARTESIAN_POINT('',(-24.5,54.5,18.95));
#3218=CARTESIAN_POINT('Origin',(-24.5,52.5,18.95));
#3219=CARTESIAN_POINT('',(-24.5,54.5,20.95));
#3220=CARTESIAN_POINT('Origin',(-21.5,57.5,20.95));
#3221=CARTESIAN_POINT('',(20.5154617011735,57.5,18.95));
#3222=CARTESIAN_POINT('',(-10.75,57.5,20.95));
#3223=CARTESIAN_POINT('Origin',(0.,10.,18.95));
#3224=CARTESIAN_POINT('',(29.5,-35.5,18.95));
#3225=CARTESIAN_POINT('',(29.5,49.,18.95));
#3226=CARTESIAN_POINT('',(29.497452,-35.642861,18.95));
#3227=CARTESIAN_POINT('',(29.5,-35.5,18.95));
#3228=CARTESIAN_POINT('',(27.6428609999997,-37.4974519999963,18.95));
#3229=CARTESIAN_POINT('Origin',(27.500001100994,-35.50000110099,18.95));
#3230=CARTESIAN_POINT('',(27.5,-37.5,18.95));
#3231=CARTESIAN_POINT('',(27.6428609999997,-37.4974519999952,18.95));
#3232=CARTESIAN_POINT('',(-27.5,-37.5,18.95));
#3233=CARTESIAN_POINT('',(27.5,-37.5,18.95));
#3234=CARTESIAN_POINT('',(-27.642861,-37.497452,18.95));
#3235=CARTESIAN_POINT('',(-27.5,-37.5,18.95));
#3236=CARTESIAN_POINT('',(-29.497452,-35.642861,18.95));
#3237=CARTESIAN_POINT('Origin',(-27.50000110099,-35.50000110099,18.95));
#3238=CARTESIAN_POINT('',(-29.5,-35.5,18.95));
#3239=CARTESIAN_POINT('',(-29.4974519999949,-35.6428609999996,18.95));
#3240=CARTESIAN_POINT('',(-29.5,55.5,18.95));
#3241=CARTESIAN_POINT('',(15.1490698322272,54.5,18.95));
#3242=CARTESIAN_POINT('',(7.57453491611358,54.5,18.95));
#3243=CARTESIAN_POINT('',(24.7871686453798,41.1974683341807,18.95));
#3244=CARTESIAN_POINT('',(27.9320771734405,36.8568565505017,18.95));
#3245=CARTESIAN_POINT('',(26.5,41.5,18.95));
#3246=CARTESIAN_POINT('Origin',(26.5,36.5,18.95));
#3247=CARTESIAN_POINT('',(26.5,29.0346798030309,18.95));
#3248=CARTESIAN_POINT('',(-26.5,41.5,18.95));
#3249=CARTESIAN_POINT('',(-26.4999999999999,25.75,18.95));
#3250=CARTESIAN_POINT('',(-24.7871686453798,41.1974683341807,18.95));
#3251=CARTESIAN_POINT('Origin',(-26.5,36.5,18.95));
#3252=CARTESIAN_POINT('',(-15.1490698322272,54.5,18.95));
#3253=CARTESIAN_POINT('',(-23.1130277668641,43.5081223834114,18.95));
#3254=CARTESIAN_POINT('',(-10.2577308505857,54.5,18.95));
#3255=CARTESIAN_POINT('',(-4.00000011351618,34.0000005364418,18.95));
#3256=CARTESIAN_POINT('',(-18.2454505749792,34.0000005364418,18.95));
#3257=CARTESIAN_POINT('',(-9.12272528748959,34.0000005364418,18.95));
#3258=CARTESIAN_POINT('',(-19.8650322211851,30.8265631536758,18.95));
#3259=CARTESIAN_POINT('Origin',(-18.2454505749792,32.0000005364418,18.95));
#3260=CARTESIAN_POINT('',(-3.80979104649786,8.66707316824544,18.95));
#3261=CARTESIAN_POINT('',(-3.47070176027074,8.19906116141472,18.95));
#3262=CARTESIAN_POINT('',(-2.00000022339488,9.25379185479782,18.95));
#3263=CARTESIAN_POINT('Origin',(-3.00000022339488,9.25379185962846,18.95));
#3264=CARTESIAN_POINT('',(-2.00000011351618,32.0000005267805,18.95));
#3265=CARTESIAN_POINT('',(-2.0000001666532,21.0000002682209,18.95));
#3266=CARTESIAN_POINT('Origin',(-4.00000011351618,32.0000005364418,18.95));
#3267=CARTESIAN_POINT('',(26.5,-2.,18.95));
#3268=CARTESIAN_POINT('',(7.83767188323024,-2.,18.95));
#3269=CARTESIAN_POINT('',(3.91883594161512,-2.,18.95));
#3270=CARTESIAN_POINT('',(6.21809023702429,-5.17343738276604,18.95));
#3271=CARTESIAN_POINT('Origin',(7.83767188323024,-4.,18.95));
#3272=CARTESIAN_POINT('',(21.6996766505127,-26.5411674190576,18.95));
#3273=CARTESIAN_POINT('',(9.28403208823452,-9.40505913223678,18.95));
#3274=CARTESIAN_POINT('',(26.3,-23.5,18.95));
#3275=CARTESIAN_POINT('Origin',(26.3,-28.5,18.95));
#3276=CARTESIAN_POINT('',(26.5,-23.5,18.95));
#3277=CARTESIAN_POINT('',(13.25,-23.5,18.95));
#3278=CARTESIAN_POINT('',(26.5,4.,18.95));
#3279=CARTESIAN_POINT('',(-3.8097911359013,-8.66707329164031,18.95));
#3280=CARTESIAN_POINT('',(-21.3000008791685,-32.8071110171436,18.95));
#3281=CARTESIAN_POINT('',(-7.46461255635649,-13.7114683140459,18.95));
#3282=CARTESIAN_POINT('',(-21.3000008791685,-34.5,18.95));
#3283=CARTESIAN_POINT('',(-21.3000008791685,-12.25,18.95));
#3284=CARTESIAN_POINT('',(-2.00000043475361,-34.5,18.95));
#3285=CARTESIAN_POINT('',(-1.00000021737681,-34.5,18.95));
#3286=CARTESIAN_POINT('',(-2.00000031279832,-9.25379198785397,18.95));
#3287=CARTESIAN_POINT('',(-2.00000026629427,0.373104010903655,18.95));
#3288=CARTESIAN_POINT('Origin',(-3.00000031279832,-9.25379198302333,18.95));
#3289=CARTESIAN_POINT('',(-6.21809023702429,5.17343738276604,18.95));
#3290=CARTESIAN_POINT('',(-24.7871680304875,30.8025318900267,18.95));
#3291=CARTESIAN_POINT('',(-15.5789718984715,18.0933531395393,18.95));
#3292=CARTESIAN_POINT('',(-26.5,30.5,18.95));
#3293=CARTESIAN_POINT('Origin',(-26.5,35.5,18.95));
#3294=CARTESIAN_POINT('',(-26.5,2.,18.95));
#3295=CARTESIAN_POINT('',(-26.5,6.,18.95));
#3296=CARTESIAN_POINT('',(-7.83767188323024,2.,18.95));
#3297=CARTESIAN_POINT('',(-3.91883594161512,2.,18.95));
#3298=CARTESIAN_POINT('Origin',(-7.83767188323024,4.,18.95));
#3299=CARTESIAN_POINT('',(-18.2454505749792,38.0000005364418,18.95));
#3300=CARTESIAN_POINT('',(-4.00000007487107,38.0000005364418,18.95));
#3301=CARTESIAN_POINT('',(-2.00000003743553,38.0000005364418,18.95));
#3302=CARTESIAN_POINT('',(-2.00000007487107,40.0000005267805,18.95));
#3303=CARTESIAN_POINT('Origin',(-4.00000007487108,40.0000005364418,18.95));
#3304=CARTESIAN_POINT('',(-2.00000000482682,54.5,18.95));
#3305=CARTESIAN_POINT('',(-2.00000011230852,32.2500000048306,18.95));
#3306=CARTESIAN_POINT('',(-10.2095226233903,54.5,18.95));
#3307=CARTESIAN_POINT('',(-5.10476131169517,54.5,18.95));
#3308=CARTESIAN_POINT('',(-19.8650322211851,41.1734379192078,18.95));
#3309=CARTESIAN_POINT('',(-23.8514273151372,35.6714039602493,18.95));
#3310=CARTESIAN_POINT('Origin',(-18.2454505749792,40.0000005364418,18.95));
#3311=CARTESIAN_POINT('',(18.2454505749792,34.0000005364418,18.95));
#3312=CARTESIAN_POINT('',(3.99999988648383,34.0000005364418,18.95));
#3313=CARTESIAN_POINT('',(1.99999994324192,34.0000005364418,18.95));
#3314=CARTESIAN_POINT('',(1.99999988648383,32.0000005461031,18.95));
#3315=CARTESIAN_POINT('Origin',(3.99999988648384,32.0000005364418,18.95));
#3316=CARTESIAN_POINT('',(1.99999977660512,9.25379124779859,18.95));
#3317=CARTESIAN_POINT('',(1.99999977840745,9.62689561906866,18.95));
#3318=CARTESIAN_POINT('',(3.8097905997081,8.66707255158493,18.95));
#3319=CARTESIAN_POINT('Origin',(2.99999977660512,9.25379124296795,18.95));
#3320=CARTESIAN_POINT('',(19.8650322211851,30.8265631536758,18.95));
#3321=CARTESIAN_POINT('',(11.4983223476144,19.2788061541299,18.95));
#3322=CARTESIAN_POINT('Origin',(18.2454505749792,32.0000005364418,18.95));
#3323=CARTESIAN_POINT('',(1.99999968720169,-9.25379111474245,18.95));
#3324=CARTESIAN_POINT('',(1.99999956524639,-34.5,18.95));
#3325=CARTESIAN_POINT('',(1.99999967272809,-12.2500000048306,18.95));
#3326=CARTESIAN_POINT('',(21.3,-34.5,18.95));
#3327=CARTESIAN_POINT('',(10.65,-34.5,18.95));
#3328=CARTESIAN_POINT('',(21.3,-32.8071098037128,18.95));
#3329=CARTESIAN_POINT('',(21.3,-11.4035549018564,18.95));
#3330=CARTESIAN_POINT('',(3.80979051030467,-8.66707242819007,18.95));
#3331=CARTESIAN_POINT('',(-1.28049262807543,-1.64144901956907,18.95));
#3332=CARTESIAN_POINT('Origin',(2.99999968720169,-9.25379111957309,18.95));
#3333=CARTESIAN_POINT('',(-7.83767188323025,-2.,18.95));
#3334=CARTESIAN_POINT('',(-26.5,-2.,18.95));
#3335=CARTESIAN_POINT('',(-13.25,-2.,18.95));
#3336=CARTESIAN_POINT('',(-26.5,-23.5,18.95));
#3337=CARTESIAN_POINT('',(-26.5,-6.75000000000001,18.95));
#3338=CARTESIAN_POINT('',(-26.3000008791685,-23.5,18.95));
#3339=CARTESIAN_POINT('',(-13.1500004395843,-23.5,18.95));
#3340=CARTESIAN_POINT('',(-21.6996772042517,-26.5411681833297,18.95));
#3341=CARTESIAN_POINT('Origin',(-26.3000008791685,-28.5,18.95));
#3342=CARTESIAN_POINT('',(-6.2180902370243,-5.17343738276604,18.95));
#3343=CARTESIAN_POINT('',(-1.54323888149034,1.27880588590898,18.95));
#3344=CARTESIAN_POINT('Origin',(-7.83767188323025,-4.,18.95));
#3345=CARTESIAN_POINT('',(6.21809023702429,5.17343738276604,18.95));
#3346=CARTESIAN_POINT('',(7.83767188323024,2.,18.95));
#3347=CARTESIAN_POINT('Origin',(7.83767188323024,4.,18.95));
#3348=CARTESIAN_POINT('',(26.5,2.00000000000001,18.95));
#3349=CARTESIAN_POINT('',(13.25,2.,18.95));
#3350=CARTESIAN_POINT('',(26.5,30.5,18.95));
#3351=CARTESIAN_POINT('',(26.5,20.25,18.95));
#3352=CARTESIAN_POINT('',(24.7871680304875,30.8025318900267,18.95));
#3353=CARTESIAN_POINT('Origin',(26.5,35.5,18.95));
#3354=CARTESIAN_POINT('',(6.29443300173991,5.27880588590898,18.95));
#3355=CARTESIAN_POINT('',(19.8650322211851,41.1734379192078,18.95));
#3356=CARTESIAN_POINT('',(10.2095226233903,54.5,18.95));
#3357=CARTESIAN_POINT('',(19.0236725162398,42.3346850006454,18.95));
#3358=CARTESIAN_POINT('',(1.99999999517318,54.5,18.95));
#3359=CARTESIAN_POINT('',(0.99999999758659,54.5,18.95));
#3360=CARTESIAN_POINT('',(1.99999992512893,40.0000005461031,18.95));
#3361=CARTESIAN_POINT('',(1.99999985266936,25.0000002682209,18.95));
#3362=CARTESIAN_POINT('',(3.99999992512893,38.0000005364418,18.95));
#3363=CARTESIAN_POINT('Origin',(3.99999992512894,40.0000005364418,18.95));
#3364=CARTESIAN_POINT('',(18.2454505749792,38.0000005364418,18.95));
#3365=CARTESIAN_POINT('',(9.12272528748958,38.0000005364418,18.95));
#3366=CARTESIAN_POINT('Origin',(18.2454505749792,40.0000005364418,18.95));
#3367=CARTESIAN_POINT('Origin',(4.44089209850063E-15,9.99999999999999,20.95));
#3368=CARTESIAN_POINT('',(-29.5,38.5,20.95));
#3369=CARTESIAN_POINT('',(-29.5,55.5,20.95));
#3370=CARTESIAN_POINT('',(-26.5,38.5,20.95));
#3371=CARTESIAN_POINT('',(-14.75,38.5,20.95));
#3372=CARTESIAN_POINT('',(-24.5,36.5,20.95));
#3373=CARTESIAN_POINT('Origin',(-26.5,36.5,20.95));
#3374=CARTESIAN_POINT('',(-24.5,35.5,20.95));
#3375=CARTESIAN_POINT('',(-24.5,23.25,20.95));
#3376=CARTESIAN_POINT('',(-26.5,33.5,20.95));
#3377=CARTESIAN_POINT('Origin',(-26.5,35.5,20.95));
#3378=CARTESIAN_POINT('',(-29.5,33.5,20.95));
#3379=CARTESIAN_POINT('',(-13.25,33.5,20.95));
#3380=CARTESIAN_POINT('',(-29.5,-26.5,20.95));
#3381=CARTESIAN_POINT('',(-29.5,-12.75,20.95));
#3382=CARTESIAN_POINT('',(-26.3000008791685,-26.5,20.95));
#3383=CARTESIAN_POINT('',(-29.5,-26.5,20.95));
#3384=CARTESIAN_POINT('',(-24.3000008791685,-28.5,20.95));
#3385=CARTESIAN_POINT('Origin',(-26.3000008791685,-28.5,20.95));
#3386=CARTESIAN_POINT('',(-24.3000008791685,-37.5,20.95));
#3387=CARTESIAN_POINT('',(-24.3000008791685,-28.5,20.95));
#3388=CARTESIAN_POINT('',(24.3,-37.5,20.95));
#3389=CARTESIAN_POINT('',(13.75,-37.5,20.95));
#3390=CARTESIAN_POINT('',(24.3,-28.5,20.95));
#3391=CARTESIAN_POINT('',(24.3,-28.5,20.95));
#3392=CARTESIAN_POINT('',(26.3,-26.5,20.95));
#3393=CARTESIAN_POINT('Origin',(26.3,-28.5,20.95));
#3394=CARTESIAN_POINT('',(29.5,-26.5,20.95));
#3395=CARTESIAN_POINT('',(29.5,-26.5,20.95));
#3396=CARTESIAN_POINT('',(29.5,33.5,20.95));
#3397=CARTESIAN_POINT('',(29.5,29.5,20.95));
#3398=CARTESIAN_POINT('',(26.5,33.5,20.95));
#3399=CARTESIAN_POINT('',(26.5,33.5,20.95));
#3400=CARTESIAN_POINT('',(24.5,35.5,20.95));
#3401=CARTESIAN_POINT('Origin',(26.5,35.5,20.95));
#3402=CARTESIAN_POINT('',(24.5,36.5,20.95));
#3403=CARTESIAN_POINT('',(24.5,36.5,20.95));
#3404=CARTESIAN_POINT('',(26.5,38.5,20.95));
#3405=CARTESIAN_POINT('Origin',(26.5,36.5,20.95));
#3406=CARTESIAN_POINT('',(29.5,38.5,20.95));
#3407=CARTESIAN_POINT('',(29.5,38.5,20.95));
#3408=CARTESIAN_POINT('',(29.5,42.5,20.95));
#3409=CARTESIAN_POINT('',(15.1490698322272,54.5,20.95));
#3410=CARTESIAN_POINT('',(24.500000000002,54.5,20.95));
#3411=CARTESIAN_POINT('',(26.5,41.5,20.95));
#3412=CARTESIAN_POINT('',(26.5,29.0346798030309,20.95));
#3413=CARTESIAN_POINT('',(24.7871686453798,41.1974683341807,20.95));
#3414=CARTESIAN_POINT('Origin',(26.5,36.5,20.95));
#3415=CARTESIAN_POINT('',(27.9320771734405,36.8568565505017,20.95));
#3416=CARTESIAN_POINT('',(-18.2454505749792,34.0000005364418,20.95));
#3417=CARTESIAN_POINT('',(-4.00000011351618,34.0000005364418,20.95));
#3418=CARTESIAN_POINT('',(-9.12272528748959,34.0000005364418,20.95));
#3419=CARTESIAN_POINT('',(-2.00000011351618,32.0000005267805,20.95));
#3420=CARTESIAN_POINT('Origin',(-4.00000011351618,32.0000005364418,20.95));
#3421=CARTESIAN_POINT('',(-2.00000022339488,9.25379185479782,20.95));
#3422=CARTESIAN_POINT('',(-2.0000001666532,21.0000002682209,20.95));
#3423=CARTESIAN_POINT('',(-3.80979104649786,8.66707316824544,20.95));
#3424=CARTESIAN_POINT('Origin',(-3.00000022339488,9.25379185962846,20.95));
#3425=CARTESIAN_POINT('',(-19.8650322211851,30.8265631536758,20.95));
#3426=CARTESIAN_POINT('',(-3.47070176027074,8.19906116141472,20.95));
#3427=CARTESIAN_POINT('Origin',(-18.2454505749792,32.0000005364418,20.95));
#3428=CARTESIAN_POINT('',(7.83767188323024,-2.,20.95));
#3429=CARTESIAN_POINT('',(26.5,-2.,20.95));
#3430=CARTESIAN_POINT('',(3.91883594161512,-2.,20.95));
#3431=CARTESIAN_POINT('',(26.5,-23.5,20.95));
#3432=CARTESIAN_POINT('',(26.5,4.,20.95));
#3433=CARTESIAN_POINT('',(26.3,-23.5,20.95));
#3434=CARTESIAN_POINT('',(13.25,-23.5,20.95));
#3435=CARTESIAN_POINT('',(21.6996766505127,-26.5411674190576,20.95));
#3436=CARTESIAN_POINT('Origin',(26.3,-28.5,20.95));
#3437=CARTESIAN_POINT('',(6.21809023702429,-5.17343738276604,20.95));
#3438=CARTESIAN_POINT('',(9.28403208823452,-9.40505913223678,20.95));
#3439=CARTESIAN_POINT('Origin',(7.83767188323024,-4.,20.95));
#3440=CARTESIAN_POINT('',(-21.3000008791685,-32.8071110171436,20.95));
#3441=CARTESIAN_POINT('',(-3.8097911359013,-8.66707329164031,20.95));
#3442=CARTESIAN_POINT('',(-7.46461255635649,-13.7114683140459,20.95));
#3443=CARTESIAN_POINT('',(-2.00000031279832,-9.25379198785397,20.95));
#3444=CARTESIAN_POINT('Origin',(-3.00000031279832,-9.25379198302333,20.95));
#3445=CARTESIAN_POINT('',(-2.00000043475361,-34.5,20.95));
#3446=CARTESIAN_POINT('',(-2.00000026629427,0.37310401090365,20.95));
#3447=CARTESIAN_POINT('',(-21.3000008791685,-34.5,20.95));
#3448=CARTESIAN_POINT('',(-1.00000021737681,-34.5,20.95));
#3449=CARTESIAN_POINT('',(-21.3000008791685,-12.25,20.95));
#3450=CARTESIAN_POINT('',(-24.7871680304875,30.8025318900267,20.95));
#3451=CARTESIAN_POINT('',(-6.21809023702429,5.17343738276604,20.95));
#3452=CARTESIAN_POINT('',(-15.5789718984715,18.0933531395393,20.95));
#3453=CARTESIAN_POINT('',(-7.83767188323024,2.,20.95));
#3454=CARTESIAN_POINT('Origin',(-7.83767188323024,4.,20.95));
#3455=CARTESIAN_POINT('',(-26.5,2.,20.95));
#3456=CARTESIAN_POINT('',(-3.91883594161512,2.,20.95));
#3457=CARTESIAN_POINT('',(-26.5,30.5,20.95));
#3458=CARTESIAN_POINT('',(-26.5,6.,20.95));
#3459=CARTESIAN_POINT('Origin',(-26.5,35.5,20.95));
#3460=CARTESIAN_POINT('',(-4.00000007487107,38.0000005364418,20.95));
#3461=CARTESIAN_POINT('',(-18.2454505749792,38.0000005364418,20.95));
#3462=CARTESIAN_POINT('',(-2.00000003743552,38.0000005364418,20.95));
#3463=CARTESIAN_POINT('',(-19.8650322211851,41.1734379192078,20.95));
#3464=CARTESIAN_POINT('Origin',(-18.2454505749792,40.0000005364418,20.95));
#3465=CARTESIAN_POINT('',(-10.2095226233903,54.5,20.95));
#3466=CARTESIAN_POINT('',(-23.8514273151372,35.6714039602493,20.95));
#3467=CARTESIAN_POINT('',(-2.00000000482682,54.5,20.95));
#3468=CARTESIAN_POINT('',(-5.10476131169517,54.5,20.95));
#3469=CARTESIAN_POINT('',(-2.00000007487107,40.0000005267805,20.95));
#3470=CARTESIAN_POINT('',(-2.00000011230852,32.2500000048306,20.95));
#3471=CARTESIAN_POINT('Origin',(-4.00000007487108,40.0000005364418,20.95));
#3472=CARTESIAN_POINT('',(3.99999988648383,34.0000005364418,20.95));
#3473=CARTESIAN_POINT('',(18.2454505749792,34.0000005364418,20.95));
#3474=CARTESIAN_POINT('',(1.99999994324192,34.0000005364418,20.95));
#3475=CARTESIAN_POINT('',(19.8650322211851,30.8265631536758,20.95));
#3476=CARTESIAN_POINT('Origin',(18.2454505749792,32.0000005364418,20.95));
#3477=CARTESIAN_POINT('',(3.8097905997081,8.66707255158493,20.95));
#3478=CARTESIAN_POINT('',(11.4983223476144,19.2788061541299,20.95));
#3479=CARTESIAN_POINT('',(1.99999977660512,9.25379124779859,20.95));
#3480=CARTESIAN_POINT('Origin',(2.99999977660512,9.25379124296795,20.95));
#3481=CARTESIAN_POINT('',(1.99999988648383,32.0000005461031,20.95));
#3482=CARTESIAN_POINT('',(1.99999977840745,9.62689561906865,20.95));
#3483=CARTESIAN_POINT('Origin',(3.99999988648384,32.0000005364418,20.95));
#3484=CARTESIAN_POINT('',(1.99999956524639,-34.5,20.95));
#3485=CARTESIAN_POINT('',(1.99999968720169,-9.25379111474245,20.95));
#3486=CARTESIAN_POINT('',(1.99999967272809,-12.2500000048306,20.95));
#3487=CARTESIAN_POINT('',(3.80979051030467,-8.66707242819007,20.95));
#3488=CARTESIAN_POINT('Origin',(2.99999968720169,-9.25379111957309,20.95));
#3489=CARTESIAN_POINT('',(21.3,-32.8071098037128,20.95));
#3490=CARTESIAN_POINT('',(-1.28049262807543,-1.64144901956907,20.95));
#3491=CARTESIAN_POINT('',(21.3,-34.5,20.95));
#3492=CARTESIAN_POINT('',(21.3,-11.4035549018564,20.95));
#3493=CARTESIAN_POINT('',(10.65,-34.5,20.95));
#3494=CARTESIAN_POINT('',(-26.5,-2.,20.95));
#3495=CARTESIAN_POINT('',(-7.83767188323025,-2.,20.95));
#3496=CARTESIAN_POINT('',(-13.25,-2.,20.95));
#3497=CARTESIAN_POINT('',(-6.2180902370243,-5.17343738276604,20.95));
#3498=CARTESIAN_POINT('Origin',(-7.83767188323025,-4.,20.95));
#3499=CARTESIAN_POINT('',(-21.6996772042517,-26.5411681833297,20.95));
#3500=CARTESIAN_POINT('',(-1.54323888149034,1.27880588590898,20.95));
#3501=CARTESIAN_POINT('',(-26.3000008791685,-23.5,20.95));
#3502=CARTESIAN_POINT('Origin',(-26.3000008791685,-28.5,20.95));
#3503=CARTESIAN_POINT('',(-26.5,-23.5,20.95));
#3504=CARTESIAN_POINT('',(-13.1500004395843,-23.5,20.95));
#3505=CARTESIAN_POINT('',(-26.5,-6.75000000000001,20.95));
#3506=CARTESIAN_POINT('',(7.83767188323024,2.,20.95));
#3507=CARTESIAN_POINT('',(6.21809023702429,5.17343738276604,20.95));
#3508=CARTESIAN_POINT('Origin',(7.83767188323024,4.,20.95));
#3509=CARTESIAN_POINT('',(24.7871680304875,30.8025318900267,20.95));
#3510=CARTESIAN_POINT('',(6.29443300173991,5.27880588590898,20.95));
#3511=CARTESIAN_POINT('',(26.5,30.5,20.95));
#3512=CARTESIAN_POINT('Origin',(26.5,35.5,20.95));
#3513=CARTESIAN_POINT('',(26.5,2.00000000000001,20.95));
#3514=CARTESIAN_POINT('',(26.5,20.25,20.95));
#3515=CARTESIAN_POINT('',(13.25,2.,20.95));
#3516=CARTESIAN_POINT('',(10.2095226233903,54.5,20.95));
#3517=CARTESIAN_POINT('',(19.8650322211851,41.1734379192078,20.95));
#3518=CARTESIAN_POINT('',(19.0236725162398,42.3346850006454,20.95));
#3519=CARTESIAN_POINT('',(18.2454505749792,38.0000005364418,20.95));
#3520=CARTESIAN_POINT('Origin',(18.2454505749792,40.0000005364418,20.95));
#3521=CARTESIAN_POINT('',(3.99999992512893,38.0000005364418,20.95));
#3522=CARTESIAN_POINT('',(9.12272528748958,38.0000005364418,20.95));
#3523=CARTESIAN_POINT('',(1.99999992512893,40.0000005461031,20.95));
#3524=CARTESIAN_POINT('Origin',(3.99999992512894,40.0000005364418,20.95));
#3525=CARTESIAN_POINT('',(1.99999999517318,54.5,20.95));
#3526=CARTESIAN_POINT('',(1.99999985266936,25.0000002682209,20.95));
#3527=CARTESIAN_POINT('',(0.999999997586593,54.5,20.95));
#3528=CARTESIAN_POINT('',(-26.5,41.5,20.95));
#3529=CARTESIAN_POINT('',(-26.5,48.0693596060616,20.95));
#3530=CARTESIAN_POINT('',(-15.1490698322272,54.5,20.95));
#3531=CARTESIAN_POINT('',(-10.2577308505857,54.5,20.95));
#3532=CARTESIAN_POINT('',(-24.7871686453798,41.1974683341807,20.95));
#3533=CARTESIAN_POINT('',(-23.1130277668641,43.5081223834114,20.95));
#3534=CARTESIAN_POINT('Origin',(-26.5,36.5,20.95));
#3535=CARTESIAN_POINT('Origin',(-29.5,-35.5,20.95));
#3536=CARTESIAN_POINT('',(-29.5,-35.5,24.95));
#3537=CARTESIAN_POINT('',(-29.5,-35.5,20.95));
#3538=CARTESIAN_POINT('',(-29.5,-26.5,24.95));
#3539=CARTESIAN_POINT('',(-29.5,49.,24.95));
#3540=CARTESIAN_POINT('',(-29.5,-26.5,21.45));
#3541=CARTESIAN_POINT('',(-29.5,33.5,24.95));
#3542=CARTESIAN_POINT('',(-29.5,33.5,23.45));
#3543=CARTESIAN_POINT('',(-29.5,38.5,24.95));
#3544=CARTESIAN_POINT('',(-29.5,38.5,24.95));
#3545=CARTESIAN_POINT('',(-29.5,38.5,23.45));
#3546=CARTESIAN_POINT('Origin',(0.,10.,24.95));
#3547=CARTESIAN_POINT('',(24.3,-28.5,24.95));
#3548=CARTESIAN_POINT('',(24.3,-37.5,24.95));
#3549=CARTESIAN_POINT('',(24.3,-9.25,24.95));
#3550=CARTESIAN_POINT('',(27.5,-37.5,24.95));
#3551=CARTESIAN_POINT('',(27.5,-37.5,24.95));
#3552=CARTESIAN_POINT('',(27.6428609999997,-37.4974519999963,24.95));
#3553=CARTESIAN_POINT('',(27.6428609999997,-37.4974519999952,24.95));
#3554=CARTESIAN_POINT('',(29.497452,-35.642861,24.95));
#3555=CARTESIAN_POINT('Origin',(27.500001100994,-35.50000110099,24.95));
#3556=CARTESIAN_POINT('',(29.5,-35.5,24.95));
#3557=CARTESIAN_POINT('',(29.5,-35.5,24.95));
#3558=CARTESIAN_POINT('',(29.5,-26.5,24.95));
#3559=CARTESIAN_POINT('',(29.5,49.,24.95));
#3560=CARTESIAN_POINT('',(26.3,-26.5,24.95));
#3561=CARTESIAN_POINT('',(14.75,-26.5,24.95));
#3562=CARTESIAN_POINT('Origin',(26.3,-28.5,24.95));
#3563=CARTESIAN_POINT('',(28.1,-32.,24.95));
#3564=CARTESIAN_POINT('Origin',(26.9,-32.,24.95));
#3565=CARTESIAN_POINT('Origin',(26.9,-32.,25.15));
#3566=CARTESIAN_POINT('',(27.9,-32.,25.15));
#3567=CARTESIAN_POINT('Origin',(26.9,-32.,25.15));
#3568=CARTESIAN_POINT('Origin',(28.1,-32.,25.15));
#3569=CARTESIAN_POINT('Origin',(26.9,-32.,26.95));
#3570=CARTESIAN_POINT('',(26.1,-32.,26.95));
#3571=CARTESIAN_POINT('Origin',(26.9,-32.,26.95));
#3572=CARTESIAN_POINT('Origin',(26.9,-32.,24.95));
#3573=CARTESIAN_POINT('',(27.9,-32.,26.75));
#3574=CARTESIAN_POINT('',(25.9,-32.,26.75));
#3575=CARTESIAN_POINT('Origin',(26.9,-32.,26.75));
#3576=CARTESIAN_POINT('',(27.9,-32.,24.95));
#3577=CARTESIAN_POINT('Origin',(26.9,-32.,26.75));
#3578=CARTESIAN_POINT('Origin',(26.9,-32.,26.75));
#3579=CARTESIAN_POINT('Origin',(26.1,-32.,26.75));
#3580=CARTESIAN_POINT('Origin',(-27.,36.,24.95));
#3581=CARTESIAN_POINT('',(-24.5,36.5,24.95));
#3582=CARTESIAN_POINT('',(-26.5,38.5,24.95));
#3583=CARTESIAN_POINT('Origin',(-26.5,36.5,24.95));
#3584=CARTESIAN_POINT('',(-29.5,38.5,24.95));
#3585=CARTESIAN_POINT('',(-26.5,33.5,24.95));
#3586=CARTESIAN_POINT('',(-26.5,33.5,24.95));
#3587=CARTESIAN_POINT('',(-24.5,35.5,24.95));
#3588=CARTESIAN_POINT('Origin',(-26.5,35.5,24.95));
#3589=CARTESIAN_POINT('',(-24.5,36.5,24.95));
#3590=CARTESIAN_POINT('',(-28.1,36.,24.95));
#3591=CARTESIAN_POINT('Origin',(-26.9,36.,24.95));
#3592=CARTESIAN_POINT('Origin',(-26.9,36.,26.75));
#3593=CARTESIAN_POINT('',(-27.7,36.,26.95));
#3594=CARTESIAN_POINT('Origin',(-26.9,36.,26.95));
#3595=CARTESIAN_POINT('',(-27.9,36.,26.75));
#3596=CARTESIAN_POINT('Origin',(-27.7,36.,26.75));
#3597=CARTESIAN_POINT('',(-25.9,36.,26.75));
#3598=CARTESIAN_POINT('Origin',(-26.9,36.,26.75));
#3599=CARTESIAN_POINT('Origin',(-26.9,36.,26.75));
#3600=CARTESIAN_POINT('Origin',(-26.9,36.,22.45));
#3601=CARTESIAN_POINT('',(-25.9,36.,25.15));
#3602=CARTESIAN_POINT('',(-25.9,36.,22.45));
#3603=CARTESIAN_POINT('',(-27.9,36.,25.15));
#3604=CARTESIAN_POINT('Origin',(-26.9,36.,25.15));
#3605=CARTESIAN_POINT('Origin',(-26.9,36.,25.15));
#3606=CARTESIAN_POINT('Origin',(-26.9,36.,26.95));
#3607=CARTESIAN_POINT('Origin',(-26.9,36.,25.15));
#3608=CARTESIAN_POINT('Origin',(-28.1,36.,25.15));
#3609=CARTESIAN_POINT('Origin',(0.,10.,24.95));
#3610=CARTESIAN_POINT('',(-26.3000008791685,-26.5,24.95));
#3611=CARTESIAN_POINT('',(-13.1500004395843,-26.5,24.95));
#3612=CARTESIAN_POINT('',(-29.497452,-35.642861,24.95));
#3613=CARTESIAN_POINT('',(-29.4974519999949,-35.6428609999996,24.95));
#3614=CARTESIAN_POINT('',(-27.642861,-37.497452,24.95));
#3615=CARTESIAN_POINT('Origin',(-27.50000110099,-35.50000110099,24.95));
#3616=CARTESIAN_POINT('',(-27.5,-37.5,24.95));
#3617=CARTESIAN_POINT('',(-27.5,-37.5,24.95));
#3618=CARTESIAN_POINT('',(-24.3000008791685,-37.5,24.95));
#3619=CARTESIAN_POINT('',(27.5,-37.5,24.95));
#3620=CARTESIAN_POINT('',(-24.3000008791685,-28.5,24.95));
#3621=CARTESIAN_POINT('',(-24.3000008791685,-13.75,24.95));
#3622=CARTESIAN_POINT('Origin',(-26.3000008791685,-28.5,24.95));
#3623=CARTESIAN_POINT('',(-25.7,-32.,24.95));
#3624=CARTESIAN_POINT('Origin',(-26.9,-32.,24.95));
#3625=CARTESIAN_POINT('Origin',(-26.9,-32.,26.75));
#3626=CARTESIAN_POINT('',(-27.7,-32.,26.95));
#3627=CARTESIAN_POINT('Origin',(-26.9,-32.,26.95));
#3628=CARTESIAN_POINT('',(-27.9,-32.,26.75));
#3629=CARTESIAN_POINT('Origin',(-27.7,-32.,26.75));
#3630=CARTESIAN_POINT('',(-25.9,-32.,26.75));
#3631=CARTESIAN_POINT('Origin',(-26.9,-32.,26.75));
#3632=CARTESIAN_POINT('Origin',(-26.9,-32.,26.75));
#3633=CARTESIAN_POINT('Origin',(-26.9,-32.,24.95));
#3634=CARTESIAN_POINT('',(-25.9,-32.,25.15));
#3635=CARTESIAN_POINT('',(-25.9,-32.,24.95));
#3636=CARTESIAN_POINT('Origin',(-26.9,-32.,25.15));
#3637=CARTESIAN_POINT('Origin',(-26.9,-32.,26.95));
#3638=CARTESIAN_POINT('Origin',(-26.9,-32.,25.15));
#3639=CARTESIAN_POINT('Origin',(-25.7,-32.,25.15));
#3640=CARTESIAN_POINT('Origin',(26.9,36.,24.95));
#3641=CARTESIAN_POINT('',(26.5,33.5,24.95));
#3642=CARTESIAN_POINT('',(29.5,33.5,24.95));
#3643=CARTESIAN_POINT('',(26.7,33.5,24.95));
#3644=CARTESIAN_POINT('',(29.5,38.5,24.95));
#3645=CARTESIAN_POINT('',(29.5,-26.5,24.95));
#3646=CARTESIAN_POINT('',(26.5,38.5,24.95));
#3647=CARTESIAN_POINT('',(28.2,38.5,24.95));
#3648=CARTESIAN_POINT('',(24.5,36.5,24.95));
#3649=CARTESIAN_POINT('Origin',(26.5,36.5,24.95));
#3650=CARTESIAN_POINT('',(24.5,35.5,24.95));
#3651=CARTESIAN_POINT('',(24.5,36.25,24.95));
#3652=CARTESIAN_POINT('Origin',(26.5,35.5,24.95));
#3653=CARTESIAN_POINT('',(25.7,36.,24.95));
#3654=CARTESIAN_POINT('Origin',(26.9,36.,24.95));
#3655=CARTESIAN_POINT('Origin',(26.9,36.,26.75));
#3656=CARTESIAN_POINT('',(26.1,36.,26.95));
#3657=CARTESIAN_POINT('Origin',(26.9,36.,26.95));
#3658=CARTESIAN_POINT('',(25.9,36.,26.75));
#3659=CARTESIAN_POINT('Origin',(26.1,36.,26.75));
#3660=CARTESIAN_POINT('',(27.9,36.,26.75));
#3661=CARTESIAN_POINT('Origin',(26.9,36.,26.75));
#3662=CARTESIAN_POINT('Origin',(26.9,36.,26.75));
#3663=CARTESIAN_POINT('Origin',(26.9,36.,22.45));
#3664=CARTESIAN_POINT('',(27.9,36.,25.15));
#3665=CARTESIAN_POINT('',(27.9,36.,22.45));
#3666=CARTESIAN_POINT('',(25.9,36.,25.15));
#3667=CARTESIAN_POINT('Origin',(26.9,36.,25.15));
#3668=CARTESIAN_POINT('Origin',(26.9,36.,25.15));
#3669=CARTESIAN_POINT('Origin',(26.9,36.,26.95));
#3670=CARTESIAN_POINT('Origin',(26.9,36.,25.15));
#3671=CARTESIAN_POINT('Origin',(25.7,36.,25.15));
#3672=CARTESIAN_POINT('Origin',(29.5,-35.5,20.95));
#3673=CARTESIAN_POINT('',(29.497452,-35.642861,20.95));
#3674=CARTESIAN_POINT('',(29.5,-35.5,20.95));
#3675=CARTESIAN_POINT('Origin',(27.500001100994,-35.50000110099,20.95));
#3676=CARTESIAN_POINT('',(27.6428609999997,-37.4974519999963,20.95));
#3677=CARTESIAN_POINT('Origin',(27.6428609999997,-37.4974519999952,20.95));
#3678=CARTESIAN_POINT('',(27.5,-37.5,20.95));
#3679=CARTESIAN_POINT('Origin',(27.5,-37.5,20.95));
#3680=CARTESIAN_POINT('',(-24.3000008791685,-37.5,21.45));
#3681=CARTESIAN_POINT('',(-27.5,-37.5,20.95));
#3682=CARTESIAN_POINT('',(24.3,-37.5,21.45));
#3683=CARTESIAN_POINT('Origin',(-27.5,-37.5,20.95));
#3684=CARTESIAN_POINT('',(-27.642861,-37.497452,20.95));
#3685=CARTESIAN_POINT('Origin',(-27.50000110099,-35.50000110099,20.95));
#3686=CARTESIAN_POINT('',(-29.497452,-35.642861,20.95));
#3687=CARTESIAN_POINT('Origin',(-29.4974519999949,-35.6428609999996,20.95));
#3688=CARTESIAN_POINT('Origin',(29.5,-26.5,21.95));
#3689=CARTESIAN_POINT('',(29.5,-26.5,21.45));
#3690=CARTESIAN_POINT('',(26.3,-26.5,21.95));
#3691=CARTESIAN_POINT('Origin',(26.3,-28.5,21.95));
#3692=CARTESIAN_POINT('',(24.3,-28.5,21.95));
#3693=CARTESIAN_POINT('Origin',(24.3,-28.5,21.95));
#3694=CARTESIAN_POINT('Origin',(-24.3000008791685,-37.5,21.95));
#3695=CARTESIAN_POINT('',(-24.3000008791685,-28.5,21.95));
#3696=CARTESIAN_POINT('Origin',(-26.3000008791685,-28.5,21.95));
#3697=CARTESIAN_POINT('',(-26.3000008791685,-26.5,21.95));
#3698=CARTESIAN_POINT('Origin',(-26.3000008791685,-26.5,21.95));
#3699=CARTESIAN_POINT('Origin',(29.5,49.,20.95));
#3700=CARTESIAN_POINT('',(29.5,38.5,22.2));
#3701=CARTESIAN_POINT('',(29.5,33.5,22.2));
#3702=CARTESIAN_POINT('Origin',(29.5,38.5,23.45));
#3703=CARTESIAN_POINT('',(26.5,38.5,23.45));
#3704=CARTESIAN_POINT('Origin',(26.5,36.5,23.45));
#3705=CARTESIAN_POINT('',(24.5,36.5,23.45));
#3706=CARTESIAN_POINT('Origin',(24.5,36.5,23.45));
#3707=CARTESIAN_POINT('',(24.5,35.5,23.45));
#3708=CARTESIAN_POINT('Origin',(26.5,35.5,23.45));
#3709=CARTESIAN_POINT('',(26.5,33.5,23.45));
#3710=CARTESIAN_POINT('Origin',(26.5,33.5,23.45));
#3711=CARTESIAN_POINT('Origin',(-26.5,36.5,23.45));
#3712=CARTESIAN_POINT('',(-24.5,36.5,23.45));
#3713=CARTESIAN_POINT('',(-26.5,38.5,23.45));
#3714=CARTESIAN_POINT('Origin',(-24.5,36.5,23.45));
#3715=CARTESIAN_POINT('',(-24.5,35.5,23.45));
#3716=CARTESIAN_POINT('Origin',(-26.5,35.5,23.45));
#3717=CARTESIAN_POINT('',(-26.5,33.5,23.45));
#3718=CARTESIAN_POINT('Origin',(-26.5,33.5,23.45));
#3719=CARTESIAN_POINT('Origin',(-29.5,38.5,23.45));
#3720=CARTESIAN_POINT('Origin',(-20.5154617011715,54.5,20.95));
#3721=CARTESIAN_POINT('',(-15.1490698322272,54.5,20.95));
#3722=CARTESIAN_POINT('Origin',(-15.1490698322272,54.5,20.95));
#3723=CARTESIAN_POINT('',(-24.7871686453798,41.1974683341807,20.95));
#3724=CARTESIAN_POINT('Origin',(-26.5,36.5,20.95));
#3725=CARTESIAN_POINT('',(-26.5,41.5,20.95));
#3726=CARTESIAN_POINT('Origin',(-26.5,41.5,20.95));
#3727=CARTESIAN_POINT('Origin',(-3.80979104649786,8.66707316824544,20.95));
#3728=CARTESIAN_POINT('',(-19.8650322211851,30.8265631536758,20.95));
#3729=CARTESIAN_POINT('',(-3.80979104649786,8.66707316824544,20.95));
#3730=CARTESIAN_POINT('Origin',(-18.2454505749792,32.0000005364418,20.95));
#3731=CARTESIAN_POINT('',(-18.2454505749792,34.0000005364418,20.95));
#3732=CARTESIAN_POINT('Origin',(-18.2454505749792,34.0000005364418,20.95));
#3733=CARTESIAN_POINT('',(-4.00000011351618,34.0000005364418,20.95));
#3734=CARTESIAN_POINT('Origin',(-4.00000011351618,32.0000005364418,20.95));
#3735=CARTESIAN_POINT('',(-2.00000011351618,32.0000005267805,20.95));
#3736=CARTESIAN_POINT('Origin',(-2.00000011351618,32.0000005267805,20.95));
#3737=CARTESIAN_POINT('',(-2.00000022339488,9.25379185479782,20.95));
#3738=CARTESIAN_POINT('Origin',(-3.00000022339488,9.25379185962846,20.95));
#3739=CARTESIAN_POINT('Origin',(21.6996766505127,-26.5411674190576,20.95));
#3740=CARTESIAN_POINT('',(6.21809023702429,-5.17343738276604,20.95));
#3741=CARTESIAN_POINT('',(21.6996766505127,-26.5411674190576,20.95));
#3742=CARTESIAN_POINT('Origin',(7.83767188323024,-4.,20.95));
#3743=CARTESIAN_POINT('',(7.83767188323024,-2.,20.95));
#3744=CARTESIAN_POINT('Origin',(7.83767188323024,-2.,20.95));
#3745=CARTESIAN_POINT('',(26.5,-2.,20.95));
#3746=CARTESIAN_POINT('Origin',(26.5,-2.,20.95));
#3747=CARTESIAN_POINT('',(26.5,-23.5,20.95));
#3748=CARTESIAN_POINT('Origin',(26.5,-23.5,20.95));
#3749=CARTESIAN_POINT('',(26.3,-23.5,20.95));
#3750=CARTESIAN_POINT('Origin',(26.3,-28.5,20.95));
#3751=CARTESIAN_POINT('Origin',(-2.00000043475361,-34.5,20.95));
#3752=CARTESIAN_POINT('',(-21.3000008791685,-34.5,20.95));
#3753=CARTESIAN_POINT('',(-2.00000043475361,-34.5,20.95));
#3754=CARTESIAN_POINT('Origin',(-21.3000008791685,-34.5,20.95));
#3755=CARTESIAN_POINT('',(-21.3000008791685,-32.8071110171436,20.95));
#3756=CARTESIAN_POINT('Origin',(-21.3000008791685,-32.8071110171436,20.95));
#3757=CARTESIAN_POINT('',(-3.8097911359013,-8.66707329164031,20.95));
#3758=CARTESIAN_POINT('Origin',(-3.00000031279832,-9.25379198302333,20.95));
#3759=CARTESIAN_POINT('',(-2.00000031279832,-9.25379198785397,20.95));
#3760=CARTESIAN_POINT('Origin',(-2.00000031279832,-9.25379198785397,20.95));
#3761=CARTESIAN_POINT('Origin',(-26.5,2.,20.95));
#3762=CARTESIAN_POINT('',(-26.5,30.5,20.95));
#3763=CARTESIAN_POINT('',(-26.5,2.,20.95));
#3764=CARTESIAN_POINT('Origin',(-26.5,35.5,20.95));
#3765=CARTESIAN_POINT('',(-24.7871680304875,30.8025318900267,20.95));
#3766=CARTESIAN_POINT('Origin',(-24.7871680304874,30.8025318900267,20.95));
#3767=CARTESIAN_POINT('',(-6.21809023702429,5.17343738276604,20.95));
#3768=CARTESIAN_POINT('Origin',(-7.83767188323024,4.,20.95));
#3769=CARTESIAN_POINT('',(-7.83767188323024,2.,20.95));
#3770=CARTESIAN_POINT('Origin',(-7.83767188323024,2.,20.95));
#3771=CARTESIAN_POINT('Origin',(-2.00000000482682,54.5,20.95));
#3772=CARTESIAN_POINT('',(-2.00000007487107,40.0000005267805,20.95));
#3773=CARTESIAN_POINT('',(-2.00000000482682,54.5,20.95));
#3774=CARTESIAN_POINT('Origin',(-4.00000007487108,40.0000005364418,20.95));
#3775=CARTESIAN_POINT('',(-4.00000007487107,38.0000005364418,20.95));
#3776=CARTESIAN_POINT('Origin',(-4.00000007487107,38.0000005364418,20.95));
#3777=CARTESIAN_POINT('',(-18.2454505749792,38.0000005364418,20.95));
#3778=CARTESIAN_POINT('Origin',(-18.2454505749792,40.0000005364418,20.95));
#3779=CARTESIAN_POINT('',(-19.8650322211851,41.1734379192078,20.95));
#3780=CARTESIAN_POINT('Origin',(-19.8650322211851,41.1734379192078,20.95));
#3781=CARTESIAN_POINT('',(-10.2095226233903,54.5,20.95));
#3782=CARTESIAN_POINT('Origin',(-10.2095226233903,54.5,20.95));
#3783=CARTESIAN_POINT('Origin',(26.5,48.0693596060619,20.95));
#3784=CARTESIAN_POINT('',(26.5,41.5,20.95));
#3785=CARTESIAN_POINT('Origin',(26.5,36.5,20.95));
#3786=CARTESIAN_POINT('',(24.7871686453798,41.1974683341807,20.95));
#3787=CARTESIAN_POINT('Origin',(24.7871686453798,41.1974683341807,20.95));
#3788=CARTESIAN_POINT('',(15.1490698322272,54.5,20.95));
#3789=CARTESIAN_POINT('Origin',(15.1490698322272,54.5,20.95));
#3790=CARTESIAN_POINT('Origin',(1.99999977660512,9.25379124779859,20.95));
#3791=CARTESIAN_POINT('',(1.99999988648383,32.0000005461031,20.95));
#3792=CARTESIAN_POINT('',(1.99999977660512,9.25379124779859,20.95));
#3793=CARTESIAN_POINT('Origin',(3.99999988648384,32.0000005364418,20.95));
#3794=CARTESIAN_POINT('',(3.99999988648383,34.0000005364418,20.95));
#3795=CARTESIAN_POINT('Origin',(3.99999988648383,34.0000005364418,20.95));
#3796=CARTESIAN_POINT('',(18.2454505749792,34.0000005364418,20.95));
#3797=CARTESIAN_POINT('Origin',(18.2454505749792,32.0000005364418,20.95));
#3798=CARTESIAN_POINT('',(19.8650322211851,30.8265631536758,20.95));
#3799=CARTESIAN_POINT('Origin',(19.8650322211851,30.8265631536758,20.95));
#3800=CARTESIAN_POINT('',(3.8097905997081,8.66707255158493,20.95));
#3801=CARTESIAN_POINT('Origin',(2.99999977660512,9.25379124296795,20.95));
#3802=CARTESIAN_POINT('Origin',(21.3,-32.8071098037128,20.95));
#3803=CARTESIAN_POINT('',(21.3,-34.5,20.95));
#3804=CARTESIAN_POINT('',(21.3,-32.8071098037128,20.95));
#3805=CARTESIAN_POINT('Origin',(21.3,-34.5,20.95));
#3806=CARTESIAN_POINT('',(1.99999956524639,-34.5,20.95));
#3807=CARTESIAN_POINT('Origin',(1.99999956524639,-34.5,20.95));
#3808=CARTESIAN_POINT('',(1.99999968720169,-9.25379111474245,20.95));
#3809=CARTESIAN_POINT('Origin',(2.99999968720169,-9.25379111957309,20.95));
#3810=CARTESIAN_POINT('',(3.80979051030467,-8.66707242819007,20.95));
#3811=CARTESIAN_POINT('Origin',(3.80979051030467,-8.66707242819007,20.95));
#3812=CARTESIAN_POINT('Origin',(-26.3000008791685,-23.5,20.95));
#3813=CARTESIAN_POINT('',(-26.5,-23.5,20.95));
#3814=CARTESIAN_POINT('',(-26.3000008791685,-23.5,20.95));
#3815=CARTESIAN_POINT('Origin',(-26.5,-23.5,20.95));
#3816=CARTESIAN_POINT('',(-26.5,-2.,20.95));
#3817=CARTESIAN_POINT('Origin',(-26.5,-2.,20.95));
#3818=CARTESIAN_POINT('',(-7.83767188323025,-2.,20.95));
#3819=CARTESIAN_POINT('Origin',(-7.83767188323025,-4.,20.95));
#3820=CARTESIAN_POINT('',(-6.2180902370243,-5.17343738276604,20.95));
#3821=CARTESIAN_POINT('Origin',(-6.2180902370243,-5.17343738276604,20.95));
#3822=CARTESIAN_POINT('',(-21.6996772042517,-26.5411681833297,20.95));
#3823=CARTESIAN_POINT('Origin',(-26.3000008791685,-28.5,20.95));
#3824=CARTESIAN_POINT('Origin',(26.5,30.5,20.95));
#3825=CARTESIAN_POINT('',(26.5,2.00000000000001,20.95));
#3826=CARTESIAN_POINT('',(26.5,30.5,20.95));
#3827=CARTESIAN_POINT('Origin',(26.5,2.,20.95));
#3828=CARTESIAN_POINT('',(7.83767188323024,2.,20.95));
#3829=CARTESIAN_POINT('Origin',(7.83767188323024,4.,20.95));
#3830=CARTESIAN_POINT('',(6.21809023702429,5.17343738276604,20.95));
#3831=CARTESIAN_POINT('Origin',(6.21809023702429,5.17343738276604,20.95));
#3832=CARTESIAN_POINT('',(24.7871680304875,30.8025318900267,20.95));
#3833=CARTESIAN_POINT('Origin',(26.5,35.5,20.95));
#3834=CARTESIAN_POINT('Origin',(1.99999992512893,40.0000005461031,20.95));
#3835=CARTESIAN_POINT('',(1.99999999517318,54.5,20.95));
#3836=CARTESIAN_POINT('',(1.99999992512893,40.0000005461031,20.95));
#3837=CARTESIAN_POINT('Origin',(1.99999999517318,54.5,20.95));
#3838=CARTESIAN_POINT('',(10.2095226233903,54.5,20.95));
#3839=CARTESIAN_POINT('Origin',(10.2095226233903,54.5,20.95));
#3840=CARTESIAN_POINT('',(19.8650322211851,41.1734379192078,20.95));
#3841=CARTESIAN_POINT('Origin',(18.2454505749792,40.0000005364418,20.95));
#3842=CARTESIAN_POINT('',(18.2454505749792,38.0000005364418,20.95));
#3843=CARTESIAN_POINT('Origin',(18.2454505749792,38.0000005364418,20.95));
#3844=CARTESIAN_POINT('',(3.99999992512893,38.0000005364418,20.95));
#3845=CARTESIAN_POINT('Origin',(3.99999992512894,40.0000005364418,20.95));
#3846=UNCERTAINTY_MEASURE_WITH_UNIT(LENGTH_MEASURE(0.01),#3850,
'DISTANCE_ACCURACY_VALUE',
'Maximum model space distance between geometric entities at asserted c
onnectivities');
#3847=UNCERTAINTY_MEASURE_WITH_UNIT(LENGTH_MEASURE(0.01),#3850,
'DISTANCE_ACCURACY_VALUE',
'Maximum model space distance between geometric entities at asserted c
onnectivities');
#3848=(
GEOMETRIC_REPRESENTATION_CONTEXT(3)
GLOBAL_UNCERTAINTY_ASSIGNED_CONTEXT((#3846))
GLOBAL_UNIT_ASSIGNED_CONTEXT((#3850,#3852,#3853))
REPRESENTATION_CONTEXT('','3D')
);
#3849=(
GEOMETRIC_REPRESENTATION_CONTEXT(3)
GLOBAL_UNCERTAINTY_ASSIGNED_CONTEXT((#3847))
GLOBAL_UNIT_ASSIGNED_CONTEXT((#3850,#3852,#3853))
REPRESENTATION_CONTEXT('','3D')
);
#3850=(
LENGTH_UNIT()
NAMED_UNIT(*)
SI_UNIT(.MILLI.,.METRE.)
);
#3851=(
LENGTH_UNIT()
NAMED_UNIT(*)
SI_UNIT($,.METRE.)
);
#3852=(
NAMED_UNIT(*)
PLANE_ANGLE_UNIT()
SI_UNIT($,.RADIAN.)
);
#3853=(
NAMED_UNIT(*)
SI_UNIT($,.STERADIAN.)
SOLID_ANGLE_UNIT()
);
#3854=SHAPE_DEFINITION_REPRESENTATION(#3855,#3856);
#3855=PRODUCT_DEFINITION_SHAPE('',$,#3858);
#3856=SHAPE_REPRESENTATION('',(#2308),#3848);
#3857=PRODUCT_DEFINITION_CONTEXT('part definition',#3862,'design');
#3858=PRODUCT_DEFINITION('2026-06-10-10-54-48-012','Base',#3859,#3857);
#3859=PRODUCT_DEFINITION_FORMATION('',$,#3864);
#3860=PRODUCT_RELATED_PRODUCT_CATEGORY('Base','Base',(#3864));
#3861=APPLICATION_PROTOCOL_DEFINITION('international standard',
'automotive_design',2009,#3862);
#3862=APPLICATION_CONTEXT(
'Core Data for Automotive Mechanical Design Process');
#3863=PRODUCT_CONTEXT('part definition',#3862,'mechanical');
#3864=PRODUCT('2026-06-10-10-54-48-012','Base',$,(#3863));
#3865=PRESENTATION_STYLE_ASSIGNMENT((#3867));
#3866=PRESENTATION_STYLE_ASSIGNMENT((#3868));
#3867=SURFACE_STYLE_USAGE(.BOTH.,#3869);
#3868=SURFACE_STYLE_USAGE(.BOTH.,#3870);
#3869=SURFACE_SIDE_STYLE('',(#3871));
#3870=SURFACE_SIDE_STYLE('',(#3872));
#3871=SURFACE_STYLE_FILL_AREA(#3873);
#3872=SURFACE_STYLE_FILL_AREA(#3874);
#3873=FILL_AREA_STYLE('Acero - Satinado',(#3875));
#3874=FILL_AREA_STYLE('Nil\X\F3n 12 (con impresora 3D Formlabs Fuse 1)',
(#3876));
#3875=FILL_AREA_STYLE_COLOUR('Acero - Satinado',#3877);
#3876=FILL_AREA_STYLE_COLOUR(
'Nil\X\F3n 12 (con impresora 3D Formlabs Fuse 1)',#3878);
#3877=COLOUR_RGB('Acero - Satinado',0.627450980392157,0.627450980392157,
0.627450980392157);
#3878=COLOUR_RGB('Nil\X\F3n 12 (con impresora 3D Formlabs Fuse 1)',0.247058823529412,
0.247058823529412,0.247058823529412);
ENDSEC;
END-ISO-10303-21;
